City,Users,New Users,Sessions,Bounce Rate,Pages / Session,Avg. Session Duration,Goal Conversion Rate,Goal Completions,Goal Value
Ahmedabad,"1,490","1,480","1,785",83.98%,1.33,0:00:47,0.00%,0,$0.00 
Ludhiana,"1,278","1,263","1,425",87.09%,1.21,0:00:35,0.00%,0,$0.00 
(not set),"1,212","1,157","1,396",86.53%,1.22,0:00:47,0.00%,0,$0.00 
Delhi,"1,175","1,166","1,387",88.10%,1.23,0:00:47,0.00%,0,$0.00 
Pune,876,869,"1,052",86.22%,1.31,0:00:48,0.00%,0,$0.00 
Mumbai,704,693,893,84.21%,1.33,0:00:50,0.00%,0,$0.00 
Jaipur,629,625,750,87.33%,1.19,0:00:48,0.00%,0,$0.00 
Lucknow,627,620,747,86.48%,1.24,0:00:49,0.00%,0,$0.00 
Shimla,560,555,602,88.21%,1.17,0:00:27,0.00%,0,$0.00 
Indore,469,458,553,88.97%,1.18,0:00:39,0.00%,0,$0.00 
Kolkata,463,460,543,82.69%,1.3,0:01:14,0.00%,0,$0.00 
Patna,367,362,435,85.98%,1.23,0:00:49,0.00%,0,$0.00 
Chandigarh,343,330,375,86.67%,1.22,0:00:56,0.00%,0,$0.00 
Panipat,320,314,356,87.08%,1.18,0:00:38,0.00%,0,$0.00 
Bengaluru,292,288,345,86.38%,1.21,0:00:53,0.00%,0,$0.00 
Dhaka,279,275,328,86.28%,1.2,0:00:30,0.00%,0,$0.00 
Agra,257,250,274,88.69%,1.17,0:00:29,0.00%,0,$0.00 
Guwahati,210,209,242,87.60%,1.19,0:00:46,0.00%,0,$0.00 
Hyderabad,209,203,247,87.45%,1.26,0:00:37,0.00%,0,$0.00 
Jammu,175,174,196,84.18%,1.37,0:00:22,0.00%,0,$0.00 
Bhubaneswar,145,143,163,92.02%,1.12,0:00:29,0.00%,0,$0.00 
Meerut,144,132,155,81.29%,1.25,0:01:22,0.00%,0,$0.00 
Gurgaon,140,131,169,89.94%,1.13,0:00:43,0.00%,0,$0.00 
New Delhi,131,128,135,88.89%,1.17,0:00:35,0.00%,0,$0.00 
Surat,128,126,183,84.15%,1.27,0:00:45,0.00%,0,$0.00 
Aligarh,105,96,126,90.48%,1.13,0:01:00,0.00%,0,$0.00 
Noida,104,102,124,88.71%,1.15,0:01:21,0.00%,0,$0.00 
Dehradun,99,91,119,87.39%,1.17,0:00:41,0.00%,0,$0.00 
Chennai,97,97,117,94.02%,1.09,0:00:13,0.00%,0,$0.00 
Bhopal,89,83,101,87.13%,1.17,0:00:34,0.00%,0,$0.00 
Karachi,86,86,107,84.11%,1.22,0:01:07,0.00%,0,$0.00 
Jalandhar,86,83,89,87.64%,1.25,0:00:40,0.00%,0,$0.00 
Nagpur,76,76,83,86.75%,1.23,0:00:44,0.00%,0,$0.00 
Amritsar,75,70,90,85.56%,1.23,0:00:29,0.00%,0,$0.00 
Rohtak,74,68,79,87.34%,1.19,0:00:22,0.00%,0,$0.00 
Srinagar,73,71,85,90.59%,1.11,0:00:17,0.00%,0,$0.00 
Lahore,70,69,78,82.05%,1.24,0:01:29,0.00%,0,$0.00 
Rajkot,69,68,71,88.73%,1.17,0:00:15,0.00%,0,$0.00 
Pimpri-Chinchwad,68,62,76,82.89%,1.29,0:00:30,0.00%,0,$0.00 
Sahibzada Ajit Singh Nagar,68,64,108,63.89%,4.64,0:03:32,0.00%,0,$0.00 
Vadodara,67,63,74,86.49%,1.23,0:01:03,0.00%,0,$0.00 
Kalyan,63,62,423,38.06%,3.73,0:06:50,0.00%,0,$0.00 
Navi Mumbai,61,58,66,90.91%,1.2,0:00:09,0.00%,0,$0.00 
Imphal,59,58,70,91.43%,1.11,0:00:59,0.00%,0,$0.00 
Baddi,57,55,58,87.93%,1.24,0:00:18,0.00%,0,$0.00 
Jodhpur,56,48,69,86.96%,1.28,0:01:17,0.00%,0,$0.00 
Moradabad,54,52,57,85.96%,1.16,0:00:13,0.00%,0,$0.00 
Brampton,52,51,62,95.16%,1.15,0:00:05,0.00%,0,$0.00 
Toronto,49,48,57,85.96%,1.26,0:00:38,0.00%,0,$0.00 
Ranchi,48,45,53,86.79%,1.15,0:00:33,0.00%,0,$0.00 
London,47,45,52,90.38%,1.15,0:00:36,0.00%,0,$0.00 
Kochi,47,47,51,84.31%,1.2,0:00:34,0.00%,0,$0.00 
Karnal,44,42,45,97.78%,1.02,0:00:03,0.00%,0,$0.00 
Udaipur,42,39,57,85.96%,1.18,0:00:37,0.00%,0,$0.00 
Siliguri,42,42,46,84.78%,1.33,0:01:12,0.00%,0,$0.00 
Raipur,42,40,47,91.49%,1.21,0:00:24,0.00%,0,$0.00 
Thane,42,40,52,73.08%,1.6,0:01:00,0.00%,0,$0.00 
Surrey,40,40,45,93.33%,1.07,0:00:02,0.00%,0,$0.00 
Ambala Cantt,40,36,42,85.71%,1.17,0:01:00,0.00%,0,$0.00 
Faridabad,38,36,42,88.10%,1.19,0:00:04,0.00%,0,$0.00 
Dubai,35,35,40,97.50%,1.05,0:00:03,0.00%,0,$0.00 
Rawalpindi,35,34,39,79.49%,1.49,0:00:49,0.00%,0,$0.00 
Ghaziabad,34,32,39,89.74%,1.21,0:00:25,0.00%,0,$0.00 
Gandhidham,34,32,37,81.08%,1.41,0:01:02,0.00%,0,$0.00 
Chattogram,33,33,36,91.67%,1.11,0:01:10,0.00%,0,$0.00 
New York,33,32,37,89.19%,1.11,0:00:33,0.00%,0,$0.00 
Bhavnagar,32,30,36,63.89%,1.5,0:01:48,0.00%,0,$0.00 
Bardhaman,31,30,44,84.09%,1.25,0:01:17,0.00%,0,$0.00 
Dombivli,31,31,33,87.88%,1.15,0:00:34,0.00%,0,$0.00 
Melbourne,30,29,33,90.91%,1.21,0:00:48,0.00%,0,$0.00 
Varanasi,30,29,32,84.38%,1.31,0:00:08,0.00%,0,$0.00 
Patiala,30,27,37,67.57%,1.92,0:01:05,0.00%,0,$0.00 
Hisar,28,27,29,93.10%,1.24,0:00:09,0.00%,0,$0.00 
Coimbatore,27,27,30,93.33%,1.07,0:00:10,0.00%,0,$0.00 
Singapore,26,24,26,88.46%,1.38,0:00:42,0.00%,0,$0.00 
Nashik,26,25,27,81.48%,1.19,0:00:06,0.00%,0,$0.00 
Lagos,25,25,29,79.31%,1.34,0:00:28,0.00%,0,$0.00 
Jabalpur,24,23,24,91.67%,1.08,0:01:16,0.00%,0,$0.00 
Montreal,23,22,28,82.14%,1.21,0:00:20,0.00%,0,$0.00 
Durgapur,23,22,24,91.67%,1.12,0:00:10,0.00%,0,$0.00 
Bathinda,23,23,24,83.33%,1.54,0:00:12,0.00%,0,$0.00 
Keraniganj,23,22,28,92.86%,1.11,0:00:47,0.00%,0,$0.00 
Sydney,21,21,22,81.82%,1.23,0:01:06,0.00%,0,$0.00 
Mysuru,20,19,21,90.48%,1.29,0:00:16,0.00%,0,$0.00 
Vapi,20,19,22,77.27%,1.32,0:01:12,0.00%,0,$0.00 
Cumilla,20,18,28,96.43%,1.04,0:00:04,0.00%,0,$0.00 
Aurangabad,19,17,22,81.82%,1.32,0:02:07,0.00%,0,$0.00 
Kanpur,19,17,26,92.31%,1.08,0:00:04,0.00%,0,$0.00 
Chicago,19,19,19,94.74%,1.05,0:00:29,0.00%,0,$0.00 
Accra,19,19,22,86.36%,1.36,0:00:25,0.00%,0,$0.00 
Sonipat,17,17,18,83.33%,1.33,0:00:39,0.00%,0,$0.00 
Edmonton,16,15,19,78.95%,1.47,0:04:05,0.00%,0,$0.00 
Colombo,16,16,26,84.62%,1.31,0:02:18,0.00%,0,$0.00 
Morbi,16,16,19,84.21%,1.26,0:00:07,0.00%,0,$0.00 
Calgary,15,13,16,100.00%,1,0:00:00,0.00%,0,$0.00 
Auckland,15,15,18,88.89%,1.11,0:00:07,0.00%,0,$0.00 
Santa Clara,15,12,17,94.12%,1.18,0:00:28,0.00%,0,$0.00 
Islamabad,14,14,17,88.24%,1.24,0:00:10,0.00%,0,$0.00 
Dahod,14,14,15,80.00%,1.27,0:01:29,0.00%,0,$0.00 
Mississauga,13,13,13,84.62%,1.15,0:00:01,0.00%,0,$0.00 
Mira Bhayandar,13,12,15,73.33%,1.4,0:01:43,0.00%,0,$0.00 
Visakhapatnam,12,12,12,83.33%,1.17,0:00:04,0.00%,0,$0.00 
Kolhapur,12,12,13,84.62%,1.23,0:00:28,0.00%,0,$0.00 
Gwalior,12,12,12,83.33%,1.25,0:00:30,0.00%,0,$0.00 
Los Angeles,12,11,12,100.00%,1,0:00:00,0.00%,0,$0.00 
Vancouver,11,11,11,81.82%,1.45,0:02:37,0.00%,0,$0.00 
Valsad,11,10,11,81.82%,1.18,0:01:02,0.00%,0,$0.00 
Kathmandu,11,11,13,100.00%,1,0:00:00,0.00%,0,$0.00 
Nala Sopara,11,11,13,69.23%,1.54,0:02:46,0.00%,0,$0.00 
Manama,10,10,17,76.47%,1.35,0:01:46,0.00%,0,$0.00 
Winnipeg,10,10,13,92.31%,1.46,0:03:55,0.00%,0,$0.00 
Birmingham,10,10,12,100.00%,1,0:00:00,0.00%,0,$0.00 
Surabaya,10,10,11,90.91%,1.09,0:00:01,0.00%,0,$0.00 
Jamshedpur,10,9,13,84.62%,1.15,0:01:56,0.00%,0,$0.00 
Mangalore,10,10,11,90.91%,1.09,0:00:32,0.00%,0,$0.00 
Kota,10,10,10,90.00%,1.1,0:00:11,0.00%,0,$0.00 
Nairobi,10,10,14,92.86%,1.07,0:00:04,0.00%,0,$0.00 
Riyadh,10,10,10,100.00%,1,0:00:00,0.00%,0,$0.00 
Vasai-Virar,10,10,21,76.19%,1.38,0:02:59,0.00%,0,$0.00 
Bhiwandi,10,8,10,100.00%,1,0:00:00,0.00%,0,$0.00 
Howrah,10,10,15,86.67%,1.13,0:00:12,0.00%,0,$0.00 
Brisbane,9,9,12,91.67%,1.08,<00:00:01,0.00%,0,$0.00 
Nottingham,9,8,9,100.00%,1,0:00:00,0.00%,0,$0.00 
Gandhinagar,9,9,9,88.89%,1.22,0:00:03,0.00%,0,$0.00 
Kharagpur,9,9,10,70.00%,1.4,0:00:05,0.00%,0,$0.00 
San Francisco,9,9,9,100.00%,1,0:00:00,0.00%,0,$0.00 
Virar,9,9,9,100.00%,1,0:00:00,0.00%,0,$0.00 
Kurukshetra,9,9,9,88.89%,1.11,0:00:02,0.00%,0,$0.00 
Bear Creek,9,9,9,100.00%,1,0:00:00,0.00%,0,$0.00 
Cox's Bazar,9,9,11,100.00%,1,0:00:00,0.00%,0,$0.00 
Panchkula,9,9,10,80.00%,1.3,0:00:04,0.00%,0,$0.00 
Godhra,9,9,9,77.78%,1.33,0:00:40,0.00%,0,$0.00 
Ottawa,8,8,9,100.00%,1,0:00:00,0.00%,0,$0.00 
Paris,8,6,8,87.50%,1.12,0:03:26,0.00%,0,$0.00 
Shillong,8,9,9,88.89%,1.11,0:00:21,0.00%,0,$0.00 
Houston,8,8,8,87.50%,1.12,0:03:43,0.00%,0,$0.00 
Pretoria,8,8,9,88.89%,1.44,0:01:24,0.00%,0,$0.00 
Sagar,8,7,8,87.50%,1.25,0:03:04,0.00%,0,$0.00 
Secunderabad,8,8,9,100.00%,1,0:00:00,0.00%,0,$0.00 
Ulhasnagar,8,8,8,62.50%,1.38,0:00:36,0.00%,0,$0.00 
Bhuj,8,7,8,100.00%,1,0:00:00,0.00%,0,$0.00 
Yamuna Nagar,8,8,9,88.89%,1.11,0:00:59,0.00%,0,$0.00 
Jashore,8,6,9,100.00%,1,0:00:00,0.00%,0,$0.00 
Asansol,8,8,8,75.00%,1.25,0:05:58,0.00%,0,$0.00 
Junagadh,8,7,9,88.89%,1.11,0:00:39,0.00%,0,$0.00 
Bhagalpur,8,6,8,75.00%,1.38,0:00:24,0.00%,0,$0.00 
Perth,7,7,7,100.00%,1,0:00:00,0.00%,0,$0.00 
Sylhet,7,7,9,100.00%,1,0:00:00,0.00%,0,$0.00 
Abbotsford,7,7,13,84.62%,1.15,0:01:51,0.00%,0,$0.00 
Vijayawada,7,7,7,71.43%,1.29,0:02:23,0.00%,0,$0.00 
Thiruvananthapuram,7,6,8,100.00%,1,0:00:00,0.00%,0,$0.00 
Amsterdam,7,6,11,72.73%,2,0:00:44,0.00%,0,$0.00 
Faisalabad,7,7,8,87.50%,1.12,0:00:17,0.00%,0,$0.00 
Multan,7,7,8,75.00%,1.75,0:03:46,0.00%,0,$0.00 
Lisbon,7,7,8,75.00%,1.5,0:01:00,0.00%,0,$0.00 
Doha,7,7,8,87.50%,1.12,0:00:13,0.00%,0,$0.00 
Dallas,7,7,8,87.50%,1.12,0:00:02,0.00%,0,$0.00 
Alwar,7,7,7,100.00%,1,0:00:00,0.00%,0,$0.00 
Panaji,7,7,7,85.71%,1.43,0:01:08,0.00%,0,$0.00 
Navsari,7,7,8,100.00%,1,0:00:00,0.00%,0,$0.00 
Bogura,7,4,8,87.50%,1.12,0:00:18,0.00%,0,$0.00 
Berhampore,7,7,7,71.43%,1.29,0:00:12,0.00%,0,$0.00 
Abu Dhabi,6,6,7,85.71%,1.14,0:00:06,0.00%,0,$0.00 
Adelaide,6,6,6,66.67%,2.17,0:00:30,0.00%,0,$0.00 
Hamilton,6,6,6,100.00%,1,0:00:00,0.00%,0,$0.00 
Copenhagen,6,6,10,90.00%,1.1,0:00:40,0.00%,0,$0.00 
Slough,6,6,6,83.33%,1.17,0:01:47,0.00%,0,$0.00 
Jakarta,6,5,7,100.00%,1,0:00:00,0.00%,0,$0.00 
Puducherry,6,6,7,100.00%,1,0:00:00,0.00%,0,$0.00 
Haridwar,6,6,7,100.00%,1,0:00:00,0.00%,0,$0.00 
Kuala Lumpur,6,5,11,72.73%,1.36,0:00:14,0.00%,0,$0.00 
Abuja,6,6,6,100.00%,1,0:00:00,0.00%,0,$0.00 
Kyiv,6,5,7,100.00%,1,0:00:00,0.00%,0,$0.00 
Washington,6,6,6,83.33%,1.17,0:00:04,0.00%,0,$0.00 
Columbus,6,6,6,100.00%,1,0:00:00,0.00%,0,$0.00 
Philadelphia,6,6,9,100.00%,1,0:00:00,0.00%,0,$0.00 
Austin,6,5,6,83.33%,1.17,0:01:05,0.00%,0,$0.00 
Cape Town,6,6,6,100.00%,1,0:00:00,0.00%,0,$0.00 
Lusaka,6,6,6,83.33%,1.17,0:00:05,0.00%,0,$0.00 
Tirupati,6,6,6,83.33%,1.17,0:00:21,0.00%,0,$0.00 
Thrissur,6,6,6,100.00%,1,0:00:00,0.00%,0,$0.00 
Margao,6,6,7,100.00%,1,0:00:00,0.00%,0,$0.00 
Jalgaon,6,6,6,83.33%,1.17,0:00:08,0.00%,0,$0.00 
Hoshiarpur,6,6,6,100.00%,1,0:00:00,0.00%,0,$0.00 
Mehsana,6,4,8,62.50%,1.38,0:00:50,0.00%,0,$0.00 
Rudrapur,6,6,7,57.14%,2,0:02:26,0.00%,0,$0.00 
Hyderabad,6,4,6,100.00%,1,0:00:00,0.00%,0,$0.00 
Rangpur,6,6,10,100.00%,1,0:00:00,0.00%,0,$0.00 
Gaya,6,4,6,83.33%,1.17,0:00:09,0.00%,0,$0.00 
Palanpur,6,6,7,85.71%,1.29,0:02:36,0.00%,0,$0.00 
London,5,4,5,100.00%,1,0:00:00,0.00%,0,$0.00 
Vaughan,5,4,5,100.00%,1,0:00:00,0.00%,0,$0.00 
Leeds,5,5,5,100.00%,1,0:00:00,0.00%,0,$0.00 
Shivamogga,5,5,5,80.00%,1.6,0:00:21,0.00%,0,$0.00 
Mathura,5,5,8,75.00%,1.25,0:00:06,0.00%,0,$0.00 
Port Louis,5,5,5,100.00%,1,0:00:00,0.00%,0,$0.00 
Peshawar,5,5,8,62.50%,1.5,0:00:20,0.00%,0,$0.00 
Bangkok,5,5,5,60.00%,1.4,0:00:17,0.00%,0,$0.00 
Kampala,5,5,5,100.00%,1,0:00:00,0.00%,0,$0.00 
Atlanta,5,5,6,83.33%,1.17,0:00:01,0.00%,0,$0.00 
Boston,5,4,5,100.00%,1,0:00:00,0.00%,0,$0.00 
Jersey City,5,5,5,100.00%,1,0:00:00,0.00%,0,$0.00 
Ashburn,5,5,5,100.00%,1,0:00:00,0.00%,0,$0.00 
Roorkee,5,4,5,80.00%,1.2,0:00:12,0.00%,0,$0.00 
Bareilly,5,5,5,80.00%,1.2,0:00:03,0.00%,0,$0.00 
Barnala,5,5,6,83.33%,1.17,0:00:57,0.00%,0,$0.00 
Bikaner,5,4,6,66.67%,1.67,0:01:04,0.00%,0,$0.00 
Davanagere,5,5,5,100.00%,1,0:00:00,0.00%,0,$0.00 
(not set),5,4,5,80.00%,1.2,0:00:08,0.00%,0,$0.00 
Sirsa,5,5,5,100.00%,1,0:00:00,0.00%,0,$0.00 
Khulna,4,4,7,85.71%,1.14,0:01:10,0.00%,0,$0.00 
Richmond,4,4,4,100.00%,1,0:00:00,0.00%,0,$0.00 
Zurich,4,3,4,100.00%,1,0:00:00,0.00%,0,$0.00 
Addis Ababa,4,4,4,100.00%,1,0:00:00,0.00%,0,$0.00 
Derby,4,4,4,75.00%,1.25,0:00:01,0.00%,0,$0.00 
Kozhikode,4,4,4,100.00%,1,0:00:00,0.00%,0,$0.00 
Sangrur,4,4,4,75.00%,1.25,0:00:11,0.00%,0,$0.00 
Casablanca,4,4,5,80.00%,1.2,0:01:17,0.00%,0,$0.00 
Haarlem,4,3,4,75.00%,1.5,0:00:14,0.00%,0,$0.00 
Utrecht,4,4,4,100.00%,1,0:00:00,0.00%,0,$0.00 
The Hague,4,4,4,100.00%,1,0:00:00,0.00%,0,$0.00 
Abbottabad,4,4,4,100.00%,1,0:00:00,0.00%,0,$0.00 
Quezon City,4,4,4,100.00%,1,0:00:00,0.00%,0,$0.00 
Dar es Salaam,4,4,5,100.00%,1,0:00:00,0.00%,0,$0.00 
Indianapolis,4,4,4,100.00%,1,0:00:00,0.00%,0,$0.00 
Clifton,4,4,4,100.00%,1,0:00:00,0.00%,0,$0.00 
Sandton,4,4,4,50.00%,3.25,0:01:41,0.00%,0,$0.00 
Gorakhpur,4,3,4,100.00%,1,0:00:00,0.00%,0,$0.00 
Hubli,4,3,4,100.00%,1,0:00:00,0.00%,0,$0.00 
Sharjah,4,4,4,100.00%,1,0:00:00,0.00%,0,$0.00 
Greater Noida,4,4,5,100.00%,1,0:00:00,0.00%,0,$0.00 
Dammam,4,4,5,100.00%,1,0:00:00,0.00%,0,$0.00 
Batam,4,4,5,100.00%,1,0:00:00,0.00%,0,$0.00 
Makassar,4,4,5,80.00%,1.2,0:00:54,0.00%,0,$0.00 
Wah,4,4,6,83.33%,1.33,0:00:27,0.00%,0,$0.00 
Barishal,4,4,4,75.00%,1.25,0:04:30,0.00%,0,$0.00 
Minsk,3,3,3,100.00%,1,0:00:00,0.00%,0,$0.00 
Gaborone,3,3,3,33.33%,1.67,0:01:12,0.00%,0,$0.00 
Halifax,3,3,3,100.00%,1,0:00:00,0.00%,0,$0.00 
Milton,3,3,4,100.00%,1,0:00:00,0.00%,0,$0.00 
Limassol,3,3,3,33.33%,1.67,0:00:49,0.00%,0,$0.00 
Cairo,3,3,3,100.00%,1,0:00:00,0.00%,0,$0.00 
Dudley,3,3,3,100.00%,1,0:00:00,0.00%,0,$0.00 
Smethwick,3,3,3,100.00%,1,0:00:00,0.00%,0,$0.00 
Bandung,3,3,4,75.00%,1.25,0:00:04,0.00%,0,$0.00 
Anand,3,3,3,100.00%,1,0:00:00,0.00%,0,$0.00 
Bharuch,3,3,4,100.00%,1,0:00:00,0.00%,0,$0.00 
Jamnagar,3,3,3,66.67%,1.33,0:00:34,0.00%,0,$0.00 
Belgaum,3,3,3,100.00%,1,0:00:00,0.00%,0,$0.00 
Nanded,3,2,3,33.33%,2.33,0:01:18,0.00%,0,$0.00 
Solapur,3,3,3,100.00%,1,0:00:00,0.00%,0,$0.00 
Agartala,3,3,3,66.67%,2.33,0:00:33,0.00%,0,$0.00 
Prayagraj,3,1,3,33.33%,6.33,0:05:35,0.00%,0,$0.00 
Tehran,3,3,3,66.67%,1.33,0:00:09,0.00%,0,$0.00 
Milan,3,3,3,100.00%,1,0:00:00,0.00%,0,$0.00 
Shah Alam,3,3,3,66.67%,1.67,0:00:03,0.00%,0,$0.00 
Petaling Jaya,3,3,5,100.00%,1,0:00:00,0.00%,0,$0.00 
Sargodha,3,3,3,66.67%,1.33,0:00:50,0.00%,0,$0.00 
Sialkot,3,3,3,100.00%,1,0:00:00,0.00%,0,$0.00 
Makati,3,3,5,100.00%,1,0:00:00,0.00%,0,$0.00 
Warsaw,3,2,3,33.33%,2.67,0:04:15,0.00%,0,$0.00 
Bucharest,3,3,3,100.00%,1,0:00:00,0.00%,0,$0.00 
Timisoara,3,3,3,100.00%,1,0:00:00,0.00%,0,$0.00 
Paramaribo,3,3,3,66.67%,1.33,0:00:05,0.00%,0,$0.00 
Phoenix,3,3,5,100.00%,1,0:00:00,0.00%,0,$0.00 
Roseville,3,3,5,100.00%,1,0:00:00,0.00%,0,$0.00 
Sacramento,3,3,7,100.00%,1,0:00:00,0.00%,0,$0.00 
Yuba City,3,3,3,100.00%,1,0:00:00,0.00%,0,$0.00 
Tampa,3,3,3,66.67%,1.33,0:01:12,0.00%,0,$0.00 
Charlotte,3,3,3,100.00%,1,0:00:00,0.00%,0,$0.00 
Cherry Hill,3,3,3,100.00%,1,0:00:00,0.00%,0,$0.00 
Las Vegas,3,3,4,100.00%,1,0:00:00,0.00%,0,$0.00 
Portland,3,3,3,100.00%,1,0:00:00,0.00%,0,$0.00 
Seattle,3,3,3,66.67%,1.33,0:00:05,0.00%,0,$0.00 
Milwaukee,3,3,3,100.00%,1,0:00:00,0.00%,0,$0.00 
Tashkent,3,3,3,100.00%,1,0:00:00,0.00%,0,$0.00 
Germiston,3,3,4,100.00%,1,0:00:00,0.00%,0,$0.00 
Pietermaritzburg,3,3,3,100.00%,1,0:00:00,0.00%,0,$0.00 
Berea,3,3,3,100.00%,1,0:00:00,0.00%,0,$0.00 
Rourkela,3,3,5,100.00%,1,0:00:00,0.00%,0,$0.00 
Kakinada,3,3,4,100.00%,1,0:00:00,0.00%,0,$0.00 
Latur,3,3,3,100.00%,1,0:00:00,0.00%,0,$0.00 
Ambernath,3,3,4,100.00%,1,0:00:00,0.00%,0,$0.00 
Bad Krozingen,3,3,3,100.00%,1,0:00:00,0.00%,0,$0.00 
Badlapur,3,3,3,33.33%,1.67,0:00:37,0.00%,0,$0.00 
Satara,3,3,3,100.00%,1,0:00:00,0.00%,0,$0.00 
Cheras,3,2,3,100.00%,1,0:00:00,0.00%,0,$0.00 
Pontianak,3,3,3,66.67%,1.67,0:00:18,0.00%,0,$0.00 
Depok,3,3,3,100.00%,1,0:00:00,0.00%,0,$0.00 
Vacoas-Phoenix,3,2,3,66.67%,1.67,0:03:51,0.00%,0,$0.00 
Fatullah,3,3,3,100.00%,1,0:00:00,0.00%,0,$0.00 
Ferozewala,3,3,3,66.67%,2.33,0:13:28,0.00%,0,$0.00 
Kashipur,3,3,3,100.00%,1,0:00:00,0.00%,0,$0.00 
Moga,3,3,4,100.00%,1,0:00:00,0.00%,0,$0.00 
(not set),3,3,3,100.00%,1,0:00:00,0.00%,0,$0.00 
(not set),3,2,6,33.33%,2.83,0:00:56,0.00%,0,$0.00 
Dimapur,3,3,3,100.00%,1,0:00:00,0.00%,0,$0.00 
Muzaffarnagar,3,3,3,100.00%,1,0:00:00,0.00%,0,$0.00 
Ujjain,3,3,3,33.33%,1.67,0:05:18,0.00%,0,$0.00 
Bhilwara,3,3,3,100.00%,1,0:00:00,0.00%,0,$0.00 
Muzaffarpur,3,3,3,100.00%,1,0:00:00,0.00%,0,$0.00 
Contai,3,3,4,75.00%,1.25,0:01:37,0.00%,0,$0.00 
Saharanpur,3,3,3,100.00%,1,0:00:00,0.00%,0,$0.00 
Solan,3,2,4,100.00%,1,0:00:00,0.00%,0,$0.00 
Pathankot,3,3,4,75.00%,1.25,0:07:26,0.00%,0,$0.00 
Amravati,3,2,4,100.00%,1,0:00:00,0.00%,0,$0.00 
Bilimora,3,3,3,100.00%,1,0:00:00,0.00%,0,$0.00 
Nalagarh,3,3,3,100.00%,1,0:00:00,0.00%,0,$0.00 
Luanda,2,2,2,100.00%,1,0:00:00,0.00%,0,$0.00 
Ajman,2,2,3,100.00%,1,0:00:00,0.00%,0,$0.00 
Thimphu,2,3,3,66.67%,1.33,0:02:46,0.00%,0,$0.00 
Burnaby,2,2,4,100.00%,1,0:00:00,0.00%,0,$0.00 
Coquitlam,2,2,2,100.00%,1,0:00:00,0.00%,0,$0.00 
Delta,2,2,2,100.00%,1,0:00:00,0.00%,0,$0.00 
Caledon,2,2,2,100.00%,1,0:00:00,0.00%,0,$0.00 
Kingston,2,2,2,100.00%,1,0:00:00,0.00%,0,$0.00 
Markham,2,2,2,100.00%,1,0:00:00,0.00%,0,$0.00 
Oshawa,2,2,2,100.00%,1,0:00:00,0.00%,0,$0.00 
Sarnia,2,2,3,100.00%,1,0:00:00,0.00%,0,$0.00 
Lausanne,2,2,2,50.00%,2,0:03:08,0.00%,0,$0.00 
Kladno,2,2,2,50.00%,1.5,0:00:36,0.00%,0,$0.00 
Berlin,2,2,2,100.00%,1,0:00:00,0.00%,0,$0.00 
Potsdam,2,2,2,100.00%,1,0:00:00,0.00%,0,$0.00 
Dusseldorf,2,2,2,50.00%,1.5,0:00:11,0.00%,0,$0.00 
Giza,2,2,2,100.00%,1,0:00:00,0.00%,0,$0.00 
Madrid,2,2,2,100.00%,1,0:00:00,0.00%,0,$0.00 
Suva,2,2,2,100.00%,1,0:00:00,0.00%,0,$0.00 
Blackburn,2,2,2,100.00%,1,0:00:00,0.00%,0,$0.00 
Bradford,2,2,3,100.00%,1,0:00:00,0.00%,0,$0.00 
Croydon,2,2,2,100.00%,1,0:00:00,0.00%,0,$0.00 
Hinckley,2,2,3,100.00%,1,0:00:00,0.00%,0,$0.00 
Hucknall,2,1,2,100.00%,1,0:00:00,0.00%,0,$0.00 
Manchester,2,2,2,100.00%,1,0:00:00,0.00%,0,$0.00 
Reading,2,2,2,100.00%,1,0:00:00,0.00%,0,$0.00 
Redditch,2,1,2,50.00%,1.5,0:03:52,0.00%,0,$0.00 
Tipton,2,2,2,100.00%,1,0:00:00,0.00%,0,$0.00 
Walsall,2,2,2,100.00%,1,0:00:00,0.00%,0,$0.00 
Wolverhampton,2,2,2,100.00%,1,0:00:00,0.00%,0,$0.00 
Tbilisi,2,2,2,50.00%,1.5,0:03:34,0.00%,0,$0.00 
Zagreb,2,2,2,100.00%,1,0:00:00,0.00%,0,$0.00 
Szeged,2,2,2,100.00%,1,0:00:00,0.00%,0,$0.00 
Silchar,2,1,2,100.00%,1,0:00:00,0.00%,0,$0.00 
Madurai,2,2,2,50.00%,1.5,0:00:32,0.00%,0,$0.00 
Dublin,2,2,2,100.00%,1,0:00:00,0.00%,0,$0.00 
Limerick,2,2,2,100.00%,1,0:00:00,0.00%,0,$0.00 
Tel Aviv-Yafo,2,2,2,50.00%,2.5,0:13:02,0.00%,0,$0.00 
Padua,2,2,3,66.67%,1.67,0:00:24,0.00%,0,$0.00 
Rome,2,2,2,50.00%,2,0:00:12,0.00%,0,$0.00 
Sagamihara,2,2,4,100.00%,1,0:00:00,0.00%,0,$0.00 
Seoul,2,2,2,100.00%,1,0:00:00,0.00%,0,$0.00 
Rabat,2,2,2,100.00%,1,0:00:00,0.00%,0,$0.00 
Yangon,2,2,2,50.00%,2,0:04:50,0.00%,0,$0.00 
Rawang,2,2,2,100.00%,1,0:00:00,0.00%,0,$0.00 
Seremban,2,2,2,100.00%,1,0:00:00,0.00%,0,$0.00 
Windhoek,2,2,2,0.00%,2,0:03:00,0.00%,0,$0.00 
Wellington,2,2,2,100.00%,1,0:00:00,0.00%,0,$0.00 
Christchurch,2,2,2,50.00%,2,0:00:17,0.00%,0,$0.00 
Panama City,2,2,4,100.00%,1,0:00:00,0.00%,0,$0.00 
Wroclaw,2,2,2,100.00%,1,0:00:00,0.00%,0,$0.00 
Krakow,2,2,2,100.00%,1,0:00:00,0.00%,0,$0.00 
Iasi,2,2,2,100.00%,1,0:00:00,0.00%,0,$0.00 
Kazan,2,2,2,100.00%,1,0:00:00,0.00%,0,$0.00 
Jeddah,2,2,2,100.00%,1,0:00:00,0.00%,0,$0.00 
Malmo,2,2,2,100.00%,1,0:00:00,0.00%,0,$0.00 
Istanbul,2,2,3,100.00%,1,0:00:00,0.00%,0,$0.00 
Mesa,2,1,2,100.00%,1,0:00:00,0.00%,0,$0.00 
Anaheim,2,2,2,100.00%,1,0:00:00,0.00%,0,$0.00 
Fremont,2,2,2,50.00%,1.5,0:07:26,0.00%,0,$0.00 
Milpitas,2,2,2,100.00%,1,0:00:00,0.00%,0,$0.00 
San Diego,2,2,2,100.00%,1,0:00:00,0.00%,0,$0.00 
San Jose,2,1,2,100.00%,1,0:00:00,0.00%,0,$0.00 
Aurora,2,2,2,100.00%,1,0:00:00,0.00%,0,$0.00 
Miami,2,2,2,100.00%,1,0:00:00,0.00%,0,$0.00 
Pensacola,2,2,2,100.00%,1,0:00:00,0.00%,0,$0.00 
Honolulu,2,2,2,100.00%,1,0:00:00,0.00%,0,$0.00 
Schaumburg,2,2,2,100.00%,1,0:00:00,0.00%,0,$0.00 
Fort Wayne,2,2,2,100.00%,1,0:00:00,0.00%,0,$0.00 
Louisville,2,2,2,100.00%,1,0:00:00,0.00%,0,$0.00 
College Park,2,2,3,100.00%,1,0:00:00,0.00%,0,$0.00 
Detroit,2,2,2,100.00%,1,0:00:00,0.00%,0,$0.00 
Hopkins,2,2,2,50.00%,1.5,0:01:22,0.00%,0,$0.00 
Minneapolis,2,2,2,50.00%,1.5,0:10:28,0.00%,0,$0.00 
Papillion,2,2,2,50.00%,1.5,0:00:28,0.00%,0,$0.00 
Monroe Township,2,2,2,50.00%,1.5,0:08:36,0.00%,0,$0.00 
North Bergen,2,1,4,75.00%,1.25,0:05:25,0.00%,0,$0.00 
Reno,2,2,2,100.00%,1,0:00:00,0.00%,0,$0.00 
Buffalo,2,2,3,100.00%,1,0:00:00,0.00%,0,$0.00 
Cincinnati,2,2,2,100.00%,1,0:00:00,0.00%,0,$0.00 
Nashville,2,2,2,100.00%,1,0:00:00,0.00%,0,$0.00 
San Antonio,2,2,2,100.00%,1,0:00:00,0.00%,0,$0.00 
Federal Way,2,2,2,50.00%,1.5,0:00:11,0.00%,0,$0.00 
Kent,2,2,3,66.67%,1.33,0:02:06,0.00%,0,$0.00 
Redmond,2,2,2,100.00%,1,0:00:00,0.00%,0,$0.00 
Hanoi,2,2,2,100.00%,1,0:00:00,0.00%,0,$0.00 
Roodepoort,2,2,2,100.00%,1,0:00:00,0.00%,0,$0.00 
Kitwe,2,2,2,50.00%,2,0:00:38,0.00%,0,$0.00 
Lagoa da Prata,2,2,3,66.67%,1.33,0:00:17,0.00%,0,$0.00 
Nadiad,2,1,2,0.00%,3.5,0:15:25,0.00%,0,$0.00 
Satna,2,2,2,100.00%,1,0:00:00,0.00%,0,$0.00 
Alappuzha,2,2,2,100.00%,1,0:00:00,0.00%,0,$0.00 
Palakkad,2,2,2,100.00%,1,0:00:00,0.00%,0,$0.00 
Salem,2,2,2,50.00%,1.5,0:04:48,0.00%,0,$0.00 
Ankleshwar,2,2,2,100.00%,1,0:00:00,0.00%,0,$0.00 
Malda,2,1,2,100.00%,1,0:00:00,0.00%,0,$0.00 
Nagercoil,2,2,2,100.00%,1,0:00:00,0.00%,0,$0.00 
Raigarh,2,2,2,100.00%,1,0:00:00,0.00%,0,$0.00 
Tiruppur,2,2,2,50.00%,3,0:00:38,0.00%,0,$0.00 
Al Khobar,2,2,2,100.00%,1,0:00:00,0.00%,0,$0.00 
Brooklyn Park,2,2,3,100.00%,1,0:00:00,0.00%,0,$0.00 
Mehlville,2,2,2,100.00%,1,0:00:00,0.00%,0,$0.00 
Palangkaraya,2,2,3,100.00%,1,0:00:00,0.00%,0,$0.00 
Bandar Lampung,2,2,3,100.00%,1,0:00:00,0.00%,0,$0.00 
Rahim Yar Khan,2,2,2,100.00%,1,0:00:00,0.00%,0,$0.00 
Kasur,2,2,2,50.00%,1.5,0:00:23,0.00%,0,$0.00 
Athens,2,2,2,100.00%,1,0:00:00,0.00%,0,$0.00 
Vilnius,2,2,2,50.00%,1.5,0:00:25,0.00%,0,$0.00 
Oslo Municipality,2,2,2,100.00%,1,0:00:00,0.00%,0,$0.00 
Mymensingh,2,2,3,100.00%,1,0:00:00,0.00%,0,$0.00 
Ashulia,2,2,2,100.00%,1,0:00:00,0.00%,0,$0.00 
Tangail,2,2,2,50.00%,1.5,0:02:10,0.00%,0,$0.00 
Pabna,2,1,2,100.00%,1,0:00:00,0.00%,0,$0.00 
Shiddhirganj,2,2,2,100.00%,1,0:00:00,0.00%,0,$0.00 
Khanna,2,2,3,100.00%,1,0:00:00,0.00%,0,$0.00 
Ratnagiri,2,2,3,100.00%,1,0:00:00,0.00%,0,$0.00 
(not set),2,2,2,50.00%,2,0:00:22,0.00%,0,$0.00 
(not set),2,1,2,100.00%,1,0:00:00,0.00%,0,$0.00 
(not set),2,2,2,100.00%,1,0:00:00,0.00%,0,$0.00 
(not set),2,2,2,100.00%,1,0:00:00,0.00%,0,$0.00 
(not set),2,2,14,100.00%,1,0:00:00,0.00%,0,$0.00 
(not set),2,2,5,100.00%,1,0:00:00,0.00%,0,$0.00 
(not set),2,1,2,100.00%,1,0:00:00,0.00%,0,$0.00 
(not set),2,2,2,100.00%,1,0:00:00,0.00%,0,$0.00 
(not set),2,2,2,100.00%,1,0:00:00,0.00%,0,$0.00 
(not set),2,2,2,100.00%,1,0:00:00,0.00%,0,$0.00 
Aizawl,2,2,2,100.00%,1,0:00:00,0.00%,0,$0.00 
Bijnor,2,2,4,100.00%,1,0:00:00,0.00%,0,$0.00 
Modinagar,2,2,2,100.00%,1,0:00:00,0.00%,0,$0.00 
Batala,2,1,2,100.00%,1,0:00:00,0.00%,0,$0.00 
Unjha,2,2,2,100.00%,1,0:00:00,0.00%,0,$0.00 
Dewas,2,2,2,100.00%,1,0:00:00,0.00%,0,$0.00 
Rewari,2,2,3,66.67%,1.33,0:00:57,0.00%,0,$0.00 
Urmar Tanda,2,2,2,50.00%,1.5,0:00:15,0.00%,0,$0.00 
Shahdol,2,2,2,50.00%,7,0:03:11,0.00%,0,$0.00 
Perumbavoor,2,2,2,100.00%,1,0:00:00,0.00%,0,$0.00 
Bettiah,2,2,2,100.00%,1,0:00:00,0.00%,0,$0.00 
Titwala,2,2,4,75.00%,1.25,0:01:11,0.00%,0,$0.00 
Manjeri,2,2,3,100.00%,1,0:00:00,0.00%,0,$0.00 
Siwan,2,2,2,100.00%,1,0:00:00,0.00%,0,$0.00 
Hajipur,2,2,2,100.00%,1,0:00:00,0.00%,0,$0.00 
Midnapore,2,1,2,100.00%,1,0:00:00,0.00%,0,$0.00 
Parbhani,2,2,2,100.00%,1,0:00:00,0.00%,0,$0.00 
Chandrapur,2,0,2,100.00%,1,0:00:00,0.00%,0,$0.00 
Baramati,2,2,2,100.00%,1,0:00:00,0.00%,0,$0.00 
Kamrej,2,2,3,66.67%,1.33,0:00:24,0.00%,0,$0.00 
Palghar,2,2,2,100.00%,1,0:00:00,0.00%,0,$0.00 
Ras Al-Khaimah,1,1,1,100.00%,1,0:00:00,0.00%,0,$0.00 
Buenos Aires,1,1,2,50.00%,1.5,0:00:00,0.00%,0,$0.00 
Townsville,1,1,1,100.00%,1,0:00:00,0.00%,0,$0.00 
Hervey Bay,1,1,1,100.00%,1,0:00:00,0.00%,0,$0.00 
Gold Coast,1,1,1,100.00%,1,0:00:00,0.00%,0,$0.00 
Vienna,1,1,1,100.00%,1,0:00:00,0.00%,0,$0.00 
Baku,1,1,1,100.00%,1,0:00:00,0.00%,0,$0.00 
Brussels,1,1,1,100.00%,1,0:00:00,0.00%,0,$0.00 
Antwerp,1,1,1,100.00%,1,0:00:00,0.00%,0,$0.00 
Geel,1,1,1,100.00%,1,0:00:00,0.00%,0,$0.00 
Mechelen,1,1,1,100.00%,1,0:00:00,0.00%,0,$0.00 
Ghent,1,1,1,100.00%,1,0:00:00,0.00%,0,$0.00 
Ostend,1,1,2,50.00%,2.5,0:26:25,0.00%,0,$0.00 
Varna,1,1,1,100.00%,1,0:00:00,0.00%,0,$0.00 
Razgrad,1,1,1,100.00%,1,0:00:00,0.00%,0,$0.00 
Gomel,1,1,1,100.00%,1,0:00:00,0.00%,0,$0.00 
Viciebsk,1,1,1,100.00%,1,0:00:00,0.00%,0,$0.00 
Macapa,1,1,1,100.00%,1,0:00:00,0.00%,0,$0.00 
Sao Luis,1,1,1,100.00%,1,0:00:00,0.00%,0,$0.00 
Recife,1,1,1,100.00%,1,0:00:00,0.00%,0,$0.00 
Porto Alegre,1,1,1,100.00%,1,0:00:00,0.00%,0,$0.00 
Sorocaba,1,1,1,100.00%,1,0:00:00,0.00%,0,$0.00 
Saint Michael,1,1,1,100.00%,1,0:00:00,0.00%,0,$0.00 
Medicine Hat,1,1,1,100.00%,1,0:00:00,0.00%,0,$0.00 
Mission,1,1,1,100.00%,1,0:00:00,0.00%,0,$0.00 
Oliver,1,1,1,100.00%,1,0:00:00,0.00%,0,$0.00 
Prince George,1,1,1,100.00%,1,0:00:00,0.00%,0,$0.00 
Stony Mountain,1,1,1,100.00%,1,0:00:00,0.00%,0,$0.00 
Fredericton,1,1,1,100.00%,1,0:00:00,0.00%,0,$0.00 
Gander,1,1,1,100.00%,1,0:00:00,0.00%,0,$0.00 
Labrador City,1,0,2,100.00%,1,0:00:00,0.00%,0,$0.00 
Guelph,1,1,1,100.00%,1,0:00:00,0.00%,0,$0.00 
Kitchener,1,1,1,100.00%,1,0:00:00,0.00%,0,$0.00 
Leamington,1,1,1,100.00%,1,0:00:00,0.00%,0,$0.00 
Marathon,1,1,1,100.00%,1,0:00:00,0.00%,0,$0.00 
Niagara Falls,1,1,1,100.00%,1,0:00:00,0.00%,0,$0.00 
North Bay,1,1,1,100.00%,1,0:00:00,0.00%,0,$0.00 
Richmond Hill,1,1,1,0.00%,2,0:00:41,0.00%,0,$0.00 
Thunder Bay,1,1,1,100.00%,1,0:00:00,0.00%,0,$0.00 
Charlottetown,1,1,1,100.00%,1,0:00:00,0.00%,0,$0.00 
Alma,1,1,1,100.00%,1,0:00:00,0.00%,0,$0.00 
Laval,1,1,1,100.00%,1,0:00:00,0.00%,0,$0.00 
Pointe-Claire,1,1,1,100.00%,1,0:00:00,0.00%,0,$0.00 
Quebec City,1,1,1,100.00%,1,0:00:00,0.00%,0,$0.00 
Salaberry-de-Valleyfield,1,1,1,100.00%,1,0:00:00,0.00%,0,$0.00 
Prince Albert,1,1,1,0.00%,2,0:07:34,0.00%,0,$0.00 
Regina,1,1,2,100.00%,1,0:00:00,0.00%,0,$0.00 
Saskatoon,1,1,2,100.00%,1,0:00:00,0.00%,0,$0.00 
Bern,1,1,1,100.00%,1,0:00:00,0.00%,0,$0.00 
St. Gallen,1,1,1,100.00%,1,0:00:00,0.00%,0,$0.00 
Temuco,1,1,1,100.00%,1,0:00:00,0.00%,0,$0.00 
Santiago,1,1,1,0.00%,2,0:00:38,0.00%,0,$0.00 
Iquique,1,1,1,100.00%,1,0:00:00,0.00%,0,$0.00 
Douala,1,1,1,100.00%,1,0:00:00,0.00%,0,$0.00 
Bogota,1,1,1,100.00%,1,0:00:00,0.00%,0,$0.00 
San Jose,1,1,1,100.00%,1,0:00:00,0.00%,0,$0.00 
Strovolos,1,1,1,100.00%,1,0:00:00,0.00%,0,$0.00 
Larnaca,1,1,1,100.00%,1,0:00:00,0.00%,0,$0.00 
Liberec,1,1,1,100.00%,1,0:00:00,0.00%,0,$0.00 
Neuenhagen,1,1,1,100.00%,1,0:00:00,0.00%,0,$0.00 
Freiburg im Breisgau,1,1,1,100.00%,1,0:00:00,0.00%,0,$0.00 
Stuttgart,1,1,1,100.00%,1,0:00:00,0.00%,0,$0.00 
Landshut,1,1,1,100.00%,1,0:00:00,0.00%,0,$0.00 
Ottobrunn,1,1,1,100.00%,1,0:00:00,0.00%,0,$0.00 
Rosenheim,1,1,1,100.00%,1,0:00:00,0.00%,0,$0.00 
Frankfurt,1,0,1,100.00%,1,0:00:00,0.00%,0,$0.00 
Friedberg,1,1,1,100.00%,1,0:00:00,0.00%,0,$0.00 
Hochheim am Main,1,1,1,100.00%,1,0:00:00,0.00%,0,$0.00 
Marburg,1,1,1,100.00%,1,0:00:00,0.00%,0,$0.00 
Taunusstein,1,1,1,100.00%,1,0:00:00,0.00%,0,$0.00 
Hamburg,1,1,1,0.00%,2,0:27:48,0.00%,0,$0.00 
Wedemark,1,1,1,0.00%,3,0:09:06,0.00%,0,$0.00 
Cologne,1,1,1,100.00%,1,0:00:00,0.00%,0,$0.00 
Essen,1,1,1,100.00%,1,0:00:00,0.00%,0,$0.00 
Stadtlohn,1,1,2,100.00%,1,0:00:00,0.00%,0,$0.00 
Pinneberg,1,1,1,0.00%,2,0:00:14,0.00%,0,$0.00 
Saarbrucken,1,1,1,100.00%,1,0:00:00,0.00%,0,$0.00 
Halle (Saale),1,1,1,100.00%,1,0:00:00,0.00%,0,$0.00 
Holbaek,1,1,1,100.00%,1,0:00:00,0.00%,0,$0.00 
Aarhus,1,1,1,100.00%,1,0:00:00,0.00%,0,$0.00 
Ronde,1,0,1,100.00%,1,0:00:00,0.00%,0,$0.00 
Damanhour,1,1,2,100.00%,1,0:00:00,0.00%,0,$0.00 
Tanta,1,1,1,100.00%,1,0:00:00,0.00%,0,$0.00 
Santa Cruz de Tenerife,1,1,1,100.00%,1,0:00:00,0.00%,0,$0.00 
Girona,1,1,1,100.00%,1,0:00:00,0.00%,0,$0.00 
Valladolid,1,1,1,100.00%,1,0:00:00,0.00%,0,$0.00 
Jarvenpaa,1,1,1,100.00%,1,0:00:00,0.00%,0,$0.00 
Tampere,1,1,2,100.00%,1,0:00:00,0.00%,0,$0.00 
Bordeaux,1,1,1,100.00%,1,0:00:00,0.00%,0,$0.00 
Toulouse,1,1,1,100.00%,1,0:00:00,0.00%,0,$0.00 
Marcq-en-Baroeul,1,1,1,100.00%,1,0:00:00,0.00%,0,$0.00 
Lyon,1,1,1,100.00%,1,0:00:00,0.00%,0,$0.00 
Barnstaple,1,1,1,0.00%,2,0:00:37,0.00%,0,$0.00 
Basildon,1,1,1,100.00%,1,0:00:00,0.00%,0,$0.00 
Bicester,1,1,1,100.00%,1,0:00:00,0.00%,0,$0.00 
Birkenhead,1,1,1,100.00%,1,0:00:00,0.00%,0,$0.00 
Bolton,1,1,2,100.00%,1,0:00:00,0.00%,0,$0.00 
Cambridge,1,1,1,100.00%,1,0:00:00,0.00%,0,$0.00 
Consett,1,1,1,100.00%,1,0:00:00,0.00%,0,$0.00 
Coventry,1,1,1,100.00%,1,0:00:00,0.00%,0,$0.00 
Crawley,1,1,1,100.00%,1,0:00:00,0.00%,0,$0.00 
Hemel Hempstead,1,1,1,100.00%,1,0:00:00,0.00%,0,$0.00 
Ibstock,1,1,1,0.00%,2,0:01:25,0.00%,0,$0.00 
Leicester,1,1,1,100.00%,1,0:00:00,0.00%,0,$0.00 
Maidenhead,1,1,1,100.00%,1,0:00:00,0.00%,0,$0.00 
Mansfield,1,1,1,100.00%,1,0:00:00,0.00%,0,$0.00 
Margate,1,1,1,100.00%,1,0:00:00,0.00%,0,$0.00 
Newcastle upon Tyne,1,1,2,100.00%,1,0:00:00,0.00%,0,$0.00 
Northampton,1,0,1,100.00%,1,0:00:00,0.00%,0,$0.00 
Nuneaton,1,1,1,100.00%,1,0:00:00,0.00%,0,$0.00 
Preston,1,1,1,100.00%,1,0:00:00,0.00%,0,$0.00 
Rotherham,1,1,1,0.00%,3,0:31:40,0.00%,0,$0.00 
Sheffield,1,1,1,100.00%,1,0:00:00,0.00%,0,$0.00 
Stafford,1,1,1,100.00%,1,0:00:00,0.00%,0,$0.00 
Sutton-in-Ashfield,1,1,1,100.00%,1,0:00:00,0.00%,0,$0.00 
Thetford,1,1,1,100.00%,1,0:00:00,0.00%,0,$0.00 
Washington,1,1,1,100.00%,1,0:00:00,0.00%,0,$0.00 
Wednesbury,1,1,1,100.00%,1,0:00:00,0.00%,0,$0.00 
West Bromwich,1,1,1,100.00%,1,0:00:00,0.00%,0,$0.00 
Woking,1,1,1,100.00%,1,0:00:00,0.00%,0,$0.00 
Aberdeen,1,1,1,100.00%,1,0:00:00,0.00%,0,$0.00 
Edinburgh,1,1,1,100.00%,1,0:00:00,0.00%,0,$0.00 
Glasgow,1,1,2,100.00%,1,0:00:00,0.00%,0,$0.00 
Livingston,1,1,1,100.00%,1,0:00:00,0.00%,0,$0.00 
Stirling,1,1,1,100.00%,1,0:00:00,0.00%,0,$0.00 
Cardiff,1,1,1,100.00%,1,0:00:00,0.00%,0,$0.00 
San Pedro Sula,1,1,1,100.00%,1,0:00:00,0.00%,0,$0.00 
Gyongyos,1,1,1,100.00%,1,0:00:00,0.00%,0,$0.00 
Denpasar,1,1,2,100.00%,1,0:00:00,0.00%,0,$0.00 
Tangerang,1,1,1,100.00%,1,0:00:00,0.00%,0,$0.00 
Palembang,1,1,2,100.00%,1,0:00:00,0.00%,0,$0.00 
Medan,1,1,2,100.00%,1,0:00:00,0.00%,0,$0.00 
Warangal,1,1,1,100.00%,1,0:00:00,0.00%,0,$0.00 
Dhanbad,1,1,1,100.00%,1,0:00:00,0.00%,0,$0.00 
Gondia,1,1,1,100.00%,1,0:00:00,0.00%,0,$0.00 
Durg,1,1,1,0.00%,7,0:01:08,0.00%,0,$0.00 
Sivakasi,1,1,1,100.00%,1,0:00:00,0.00%,0,$0.00 
Mallow,1,1,1,100.00%,1,0:00:00,0.00%,0,$0.00 
Tabriz,1,1,1,100.00%,1,0:00:00,0.00%,0,$0.00 
Karaj,1,1,1,100.00%,1,0:00:00,0.00%,0,$0.00 
Shiraz,1,1,1,0.00%,2,0:00:10,0.00%,0,$0.00 
Baghdad,1,0,3,100.00%,1,0:00:00,0.00%,0,$0.00 
Be'er Sheva,1,1,1,100.00%,1,0:00:00,0.00%,0,$0.00 
Cagliari,1,1,1,100.00%,1,0:00:00,0.00%,0,$0.00 
Rimini,1,1,1,100.00%,1,0:00:00,0.00%,0,$0.00 
Chiba,1,1,1,100.00%,1,0:00:00,0.00%,0,$0.00 
Suginami City,1,1,1,100.00%,1,0:00:00,0.00%,0,$0.00 
Odawara,1,1,1,100.00%,1,0:00:00,0.00%,0,$0.00 
Niigata,1,1,1,100.00%,1,0:00:00,0.00%,0,$0.00 
Kariya,1,1,2,100.00%,1,0:00:00,0.00%,0,$0.00 
Hirakata,1,1,1,100.00%,1,0:00:00,0.00%,0,$0.00 
Osaka,1,1,1,100.00%,1,0:00:00,0.00%,0,$0.00 
Shymkent,1,1,1,100.00%,1,0:00:00,0.00%,0,$0.00 
Petropavl,1,1,1,100.00%,1,0:00:00,0.00%,0,$0.00 
Jeonju-si,1,1,1,100.00%,1,0:00:00,0.00%,0,$0.00 
Tripoli,1,1,1,100.00%,1,0:00:00,0.00%,0,$0.00 
Agadir,1,1,1,100.00%,1,0:00:00,0.00%,0,$0.00 
Marrakesh,1,1,1,100.00%,1,0:00:00,0.00%,0,$0.00 
Tetouan,1,1,1,100.00%,1,0:00:00,0.00%,0,$0.00 
Tiraspol,1,1,1,100.00%,1,0:00:00,0.00%,0,$0.00 
Antananarivo,1,1,1,100.00%,1,0:00:00,0.00%,0,$0.00 
Mexico City,1,1,1,100.00%,1,0:00:00,0.00%,0,$0.00 
Tulancingo,1,1,1,100.00%,1,0:00:00,0.00%,0,$0.00 
Guadalajara,1,1,1,0.00%,3,0:00:18,0.00%,0,$0.00 
Texcoco,1,1,1,100.00%,1,0:00:00,0.00%,0,$0.00 
Cancun,1,1,1,100.00%,1,0:00:00,0.00%,0,$0.00 
Culiacan,1,1,1,100.00%,1,0:00:00,0.00%,0,$0.00 
Los Mochis,1,1,1,100.00%,1,0:00:00,0.00%,0,$0.00 
Ciudad Obregon,1,0,1,100.00%,1,0:00:00,0.00%,0,$0.00 
Hermosillo,1,1,1,100.00%,1,0:00:00,0.00%,0,$0.00 
Merida,1,1,1,100.00%,1,0:00:00,0.00%,0,$0.00 
Beira,1,1,1,100.00%,1,0:00:00,0.00%,0,$0.00 
Maputo,1,1,1,100.00%,1,0:00:00,0.00%,0,$0.00 
Kajang,1,1,1,100.00%,1,0:00:00,0.00%,0,$0.00 
Johor Bahru,1,1,1,100.00%,1,0:00:00,0.00%,0,$0.00 
Sungai Petani,1,1,1,100.00%,1,0:00:00,0.00%,0,$0.00 
Benin City,1,1,1,100.00%,1,0:00:00,0.00%,0,$0.00 
Joure,1,1,1,100.00%,1,0:00:00,0.00%,0,$0.00 
Dieren,1,1,1,100.00%,1,0:00:00,0.00%,0,$0.00 
Nijmegen,1,1,1,100.00%,1,0:00:00,0.00%,0,$0.00 
Stadskanaal,1,1,1,100.00%,1,0:00:00,0.00%,0,$0.00 
Veendam,1,1,1,100.00%,1,0:00:00,0.00%,0,$0.00 
Horst,1,1,2,100.00%,1,0:00:00,0.00%,0,$0.00 
Eindhoven,1,1,1,100.00%,1,0:00:00,0.00%,0,$0.00 
's-Hertogenbosch,1,1,1,100.00%,1,0:00:00,0.00%,0,$0.00 
Purmerend,1,1,1,100.00%,1,0:00:00,0.00%,0,$0.00 
Hengelo,1,1,1,100.00%,1,0:00:00,0.00%,0,$0.00 
Nieuwegein,1,1,1,100.00%,1,0:00:00,0.00%,0,$0.00 
Leiden,1,1,1,0.00%,7,0:10:11,0.00%,0,$0.00 
Naaldwijk,1,0,1,100.00%,1,0:00:00,0.00%,0,$0.00 
Rijswijk,1,0,1,100.00%,1,0:00:00,0.00%,0,$0.00 
Rotterdam,1,1,1,100.00%,1,0:00:00,0.00%,0,$0.00 
Ter Aar,1,1,2,50.00%,1.5,0:00:19,0.00%,0,$0.00 
Nittedal Municipality,1,1,1,100.00%,1,0:00:00,0.00%,0,$0.00 
Biratnagar,1,1,1,100.00%,1,0:00:00,0.00%,0,$0.00 
Tauranga,1,1,1,0.00%,2,0:04:40,0.00%,0,$0.00 
Quetta,1,1,1,100.00%,1,0:00:00,0.00%,0,$0.00 
Piura,1,1,1,100.00%,1,0:00:00,0.00%,0,$0.00 
Baguio,1,1,1,100.00%,1,0:00:00,0.00%,0,$0.00 
Bacoor,1,1,1,100.00%,1,0:00:00,0.00%,0,$0.00 
Cebu City,1,1,1,100.00%,1,0:00:00,0.00%,0,$0.00 
Manila,1,1,1,100.00%,1,0:00:00,0.00%,0,$0.00 
San Fernando,1,1,1,100.00%,1,0:00:00,0.00%,0,$0.00 
Las Pinas,1,0,1,100.00%,1,0:00:00,0.00%,0,$0.00 
Lublin,1,1,1,100.00%,1,0:00:00,0.00%,0,$0.00 
Limanowa,1,1,1,100.00%,1,0:00:00,0.00%,0,$0.00 
Katowice,1,1,1,100.00%,1,0:00:00,0.00%,0,$0.00 
Guimaraes,1,1,1,100.00%,1,0:00:00,0.00%,0,$0.00 
Pape'ete,1,1,1,0.00%,2,0:00:06,0.00%,0,$0.00 
Sibiu,1,1,1,100.00%,1,0:00:00,0.00%,0,$0.00 
Barnaul,1,1,1,100.00%,1,0:00:00,0.00%,0,$0.00 
Krasnodar,1,1,1,100.00%,1,0:00:00,0.00%,0,$0.00 
Leninsk-Kuznetskiy,1,1,1,100.00%,1,0:00:00,0.00%,0,$0.00 
Krasnoyarsk,1,1,1,100.00%,1,0:00:00,0.00%,0,$0.00 
Moscow,1,1,1,100.00%,1,0:00:00,0.00%,0,$0.00 
Nizhny Novgorod,1,1,1,0.00%,2,0:00:18,0.00%,0,$0.00 
Vladivostok,1,1,1,100.00%,1,0:00:00,0.00%,0,$0.00 
Saint Petersburg,1,1,1,100.00%,1,0:00:00,0.00%,0,$0.00 
Yekaterinburg,1,1,1,100.00%,1,0:00:00,0.00%,0,$0.00 
Tyumen,1,1,1,100.00%,1,0:00:00,0.00%,0,$0.00 
Kigali,1,1,1,100.00%,1,0:00:00,0.00%,0,$0.00 
Khartoum,1,1,1,100.00%,1,0:00:00,0.00%,0,$0.00 
Honiara,1,1,1,100.00%,1,0:00:00,0.00%,0,$0.00 
San Salvador,1,1,1,100.00%,1,0:00:00,0.00%,0,$0.00 
Mogadishu,1,1,1,100.00%,1,0:00:00,0.00%,0,$0.00 
Solna,1,1,1,100.00%,1,0:00:00,0.00%,0,$0.00 
Stockholm,1,1,1,100.00%,1,0:00:00,0.00%,0,$0.00 
Gothenburg,1,1,1,100.00%,1,0:00:00,0.00%,0,$0.00 
Kungalv,1,1,1,100.00%,1,0:00:00,0.00%,0,$0.00 
Tunis,1,1,2,100.00%,1,0:00:00,0.00%,0,$0.00 
Adana,1,1,1,0.00%,2,0:00:56,0.00%,0,$0.00 
Antalya,1,1,1,100.00%,1,0:00:00,0.00%,0,$0.00 
Eskisehir,1,1,1,100.00%,1,0:00:00,0.00%,0,$0.00 
Izmir,1,1,1,100.00%,1,0:00:00,0.00%,0,$0.00 
Uzhhorod,1,1,2,100.00%,1,0:00:00,0.00%,0,$0.00 
Ivano-Frankivsk,1,1,1,100.00%,1,0:00:00,0.00%,0,$0.00 
Sumy,1,1,2,50.00%,1.5,0:00:40,0.00%,0,$0.00 
Kharkiv,1,1,1,100.00%,1,0:00:00,0.00%,0,$0.00 
Birmingham,1,1,1,100.00%,1,0:00:00,0.00%,0,$0.00 
Eufaula,1,1,1,100.00%,1,0:00:00,0.00%,0,$0.00 
Opp,1,1,1,100.00%,1,0:00:00,0.00%,0,$0.00 
Apache Junction,1,0,2,100.00%,1,0:00:00,0.00%,0,$0.00 
Flagstaff,1,1,1,100.00%,1,0:00:00,0.00%,0,$0.00 
Gilbert,1,1,1,100.00%,1,0:00:00,0.00%,0,$0.00 
Peoria,1,1,1,100.00%,1,0:00:00,0.00%,0,$0.00 
Tempe,1,1,1,100.00%,1,0:00:00,0.00%,0,$0.00 
Campbell,1,1,1,100.00%,1,0:00:00,0.00%,0,$0.00 
Citrus Heights,1,1,1,100.00%,1,0:00:00,0.00%,0,$0.00 
Cypress,1,1,1,0.00%,2,0:06:08,0.00%,0,$0.00 
Dublin,1,1,2,100.00%,1,0:00:00,0.00%,0,$0.00 
Elk Grove,1,1,1,100.00%,1,0:00:00,0.00%,0,$0.00 
Fairfield,1,1,1,100.00%,1,0:00:00,0.00%,0,$0.00 
Goleta,1,1,1,100.00%,1,0:00:00,0.00%,0,$0.00 
Hanford,1,1,1,100.00%,1,0:00:00,0.00%,0,$0.00 
Hercules,1,1,1,100.00%,1,0:00:00,0.00%,0,$0.00 
Huntington Beach,1,1,1,100.00%,1,0:00:00,0.00%,0,$0.00 
Indio,1,1,1,100.00%,1,0:00:00,0.00%,0,$0.00 
Kerman,1,1,1,100.00%,1,0:00:00,0.00%,0,$0.00 
Lawndale,1,1,1,100.00%,1,0:00:00,0.00%,0,$0.00 
Lodi,1,1,1,100.00%,1,0:00:00,0.00%,0,$0.00 
Loma Linda,1,1,1,100.00%,1,0:00:00,0.00%,0,$0.00 
Montebello,1,1,2,50.00%,1.5,0:02:05,0.00%,0,$0.00 
Moreno Valley,1,1,1,100.00%,1,0:00:00,0.00%,0,$0.00 
Oakland,1,1,1,100.00%,1,0:00:00,0.00%,0,$0.00 
Ontario,1,0,1,100.00%,1,0:00:00,0.00%,0,$0.00 
Rancho Cucamonga,1,1,1,100.00%,1,0:00:00,0.00%,0,$0.00 
Richmond,1,1,1,100.00%,1,0:00:00,0.00%,0,$0.00 
Ridgecrest,1,1,1,100.00%,1,0:00:00,0.00%,0,$0.00 
Riverside,1,1,1,100.00%,1,0:00:00,0.00%,0,$0.00 
Santa Ana,1,1,1,100.00%,1,0:00:00,0.00%,0,$0.00 
Santa Clarita,1,1,1,100.00%,1,0:00:00,0.00%,0,$0.00 
Santa Fe Springs,1,1,1,100.00%,1,0:00:00,0.00%,0,$0.00 
South San Francisco,1,1,1,100.00%,1,0:00:00,0.00%,0,$0.00 
Stanford,1,1,1,100.00%,1,0:00:00,0.00%,0,$0.00 
Tracy,1,1,1,100.00%,1,0:00:00,0.00%,0,$0.00 
Turlock,1,1,1,100.00%,1,0:00:00,0.00%,0,$0.00 
Union City,1,1,2,100.00%,1,0:00:00,0.00%,0,$0.00 
West Sacramento,1,1,1,100.00%,1,0:00:00,0.00%,0,$0.00 
Boulder,1,1,1,100.00%,1,0:00:00,0.00%,0,$0.00 
Broomfield,1,1,1,100.00%,1,0:00:00,0.00%,0,$0.00 
Denver,1,1,1,100.00%,1,0:00:00,0.00%,0,$0.00 
Altamonte Springs,1,1,1,100.00%,1,0:00:00,0.00%,0,$0.00 
Bonita Springs,1,1,1,100.00%,1,0:00:00,0.00%,0,$0.00 
Gainesville,1,0,1,100.00%,1,0:00:00,0.00%,0,$0.00 
Goldenrod,1,1,1,100.00%,1,0:00:00,0.00%,0,$0.00 
Immokalee,1,1,1,100.00%,1,0:00:00,0.00%,0,$0.00 
Jacksonville,1,1,1,100.00%,1,0:00:00,0.00%,0,$0.00 
North Miami Beach,1,1,1,100.00%,1,0:00:00,0.00%,0,$0.00 
Port St. Lucie,1,1,1,100.00%,1,0:00:00,0.00%,0,$0.00 
Seffner,1,1,1,100.00%,1,0:00:00,0.00%,0,$0.00 
Buford,1,1,1,100.00%,1,0:00:00,0.00%,0,$0.00 
Conyers,1,1,1,100.00%,1,0:00:00,0.00%,0,$0.00 
Dallas,1,1,1,100.00%,1,0:00:00,0.00%,0,$0.00 
Elberton,1,1,1,100.00%,1,0:00:00,0.00%,0,$0.00 
Greenville,1,1,1,100.00%,1,0:00:00,0.00%,0,$0.00 
Hiram,1,1,1,100.00%,1,0:00:00,0.00%,0,$0.00 
Marietta,1,1,1,100.00%,1,0:00:00,0.00%,0,$0.00 
McDonough,1,1,1,0.00%,2,0:00:18,0.00%,0,$0.00 
Ringgold,1,1,1,100.00%,1,0:00:00,0.00%,0,$0.00 
Scottdale,1,1,1,100.00%,1,0:00:00,0.00%,0,$0.00 
Swainsboro,1,1,1,100.00%,1,0:00:00,0.00%,0,$0.00 
Warner Robins,1,1,2,100.00%,1,0:00:00,0.00%,0,$0.00 
Ankeny,1,1,1,100.00%,1,0:00:00,0.00%,0,$0.00 
Newton,1,1,1,100.00%,1,0:00:00,0.00%,0,$0.00 
Meridian,1,1,1,100.00%,1,0:00:00,0.00%,0,$0.00 
Bartlett,1,1,1,0.00%,3,0:00:27,0.00%,0,$0.00 
Benton,1,1,1,100.00%,1,0:00:00,0.00%,0,$0.00 
Bolingbrook,1,1,1,100.00%,1,0:00:00,0.00%,0,$0.00 
Downers Grove,1,1,1,100.00%,1,0:00:00,0.00%,0,$0.00 
Glenview,1,1,1,100.00%,1,0:00:00,0.00%,0,$0.00 
Lombard,1,1,1,100.00%,1,0:00:00,0.00%,0,$0.00 
Park Ridge,1,1,1,100.00%,1,0:00:00,0.00%,0,$0.00 
Pekin,1,1,1,100.00%,1,0:00:00,0.00%,0,$0.00 
Anderson,1,1,1,100.00%,1,0:00:00,0.00%,0,$0.00 
Elkhart,1,1,1,100.00%,1,0:00:00,0.00%,0,$0.00 
Greenwood,1,1,1,100.00%,1,0:00:00,0.00%,0,$0.00 
Jeffersonville,1,1,1,100.00%,1,0:00:00,0.00%,0,$0.00 
Noblesville,1,1,1,100.00%,1,0:00:00,0.00%,0,$0.00 
Pittsboro,1,1,1,100.00%,1,0:00:00,0.00%,0,$0.00 
Warsaw,1,1,1,100.00%,1,0:00:00,0.00%,0,$0.00 
West Lafayette,1,1,1,100.00%,1,0:00:00,0.00%,0,$0.00 
Coffeyville,1,1,1,100.00%,1,0:00:00,0.00%,0,$0.00 
Newton,1,1,1,100.00%,1,0:00:00,0.00%,0,$0.00 
Salina,1,1,2,50.00%,1.5,0:00:24,0.00%,0,$0.00 
Nicholasville,1,1,1,100.00%,1,0:00:00,0.00%,0,$0.00 
Owensboro,1,1,1,100.00%,1,0:00:00,0.00%,0,$0.00 
West Liberty,1,1,1,100.00%,1,0:00:00,0.00%,0,$0.00 
Hammond,1,1,1,100.00%,1,0:00:00,0.00%,0,$0.00 
New Orleans,1,1,1,100.00%,1,0:00:00,0.00%,0,$0.00 
Canton,1,1,1,0.00%,3,0:00:20,0.00%,0,$0.00 
Dedham,1,1,1,100.00%,1,0:00:00,0.00%,0,$0.00 
Eastham,1,1,2,100.00%,1,0:00:00,0.00%,0,$0.00 
Lexington,1,1,1,100.00%,1,0:00:00,0.00%,0,$0.00 
Malden,1,1,1,0.00%,2,0:01:22,0.00%,0,$0.00 
Needham,1,1,1,100.00%,1,0:00:00,0.00%,0,$0.00 
North Andover,1,1,1,100.00%,1,0:00:00,0.00%,0,$0.00 
Worcester,1,1,1,100.00%,1,0:00:00,0.00%,0,$0.00 
Frederick,1,1,2,50.00%,1.5,0:00:34,0.00%,0,$0.00 
Lutherville-Timonium,1,1,1,100.00%,1,0:00:00,0.00%,0,$0.00 
Potomac,1,1,1,100.00%,1,0:00:00,0.00%,0,$0.00 
Rockville,1,1,1,100.00%,1,0:00:00,0.00%,0,$0.00 
Severn,1,1,1,100.00%,1,0:00:00,0.00%,0,$0.00 
Silver Spring,1,1,1,0.00%,2,0:00:12,0.00%,0,$0.00 
Ann Arbor,1,1,1,100.00%,1,0:00:00,0.00%,0,$0.00 
Goodrich,1,1,1,100.00%,1,0:00:00,0.00%,0,$0.00 
Harrison charter Township,1,1,2,100.00%,1,0:00:00,0.00%,0,$0.00 
Highland Charter Township,1,1,1,100.00%,1,0:00:00,0.00%,0,$0.00 
Houghton,1,1,1,100.00%,1,0:00:00,0.00%,0,$0.00 
Menominee,1,0,1,100.00%,1,0:00:00,0.00%,0,$0.00 
Oak Park,1,1,1,100.00%,1,0:00:00,0.00%,0,$0.00 
Southfield,1,1,1,100.00%,1,0:00:00,0.00%,0,$0.00 
Westland,1,1,1,0.00%,2,0:14:54,0.00%,0,$0.00 
Duluth,1,1,1,100.00%,1,0:00:00,0.00%,0,$0.00 
Kansas City,1,1,1,100.00%,1,0:00:00,0.00%,0,$0.00 
Raymore,1,1,1,100.00%,1,0:00:00,0.00%,0,$0.00 
St. Louis,1,1,1,100.00%,1,0:00:00,0.00%,0,$0.00 
Carthage,1,1,1,100.00%,1,0:00:00,0.00%,0,$0.00 
Clinton,1,1,1,100.00%,1,0:00:00,0.00%,0,$0.00 
Flowood,1,1,1,100.00%,1,0:00:00,0.00%,0,$0.00 
Picayune,1,1,1,100.00%,1,0:00:00,0.00%,0,$0.00 
Ridgeland,1,1,1,100.00%,1,0:00:00,0.00%,0,$0.00 
Vicksburg,1,1,1,100.00%,1,0:00:00,0.00%,0,$0.00 
Kalispell,1,1,1,100.00%,1,0:00:00,0.00%,0,$0.00 
Apex,1,1,1,100.00%,1,0:00:00,0.00%,0,$0.00 
Gastonia,1,1,1,100.00%,1,0:00:00,0.00%,0,$0.00 
Greenville,1,0,1,100.00%,1,0:00:00,0.00%,0,$0.00 
Maiden,1,1,1,100.00%,1,0:00:00,0.00%,0,$0.00 
Thomasville,1,1,1,100.00%,1,0:00:00,0.00%,0,$0.00 
Wallace,1,1,1,100.00%,1,0:00:00,0.00%,0,$0.00 
Welcome,1,1,1,100.00%,1,0:00:00,0.00%,0,$0.00 
Jamestown,1,1,1,100.00%,1,0:00:00,0.00%,0,$0.00 
Pelham,1,1,1,100.00%,1,0:00:00,0.00%,0,$0.00 
Cresskill,1,1,1,100.00%,1,0:00:00,0.00%,0,$0.00 
Edison,1,1,1,100.00%,1,0:00:00,0.00%,0,$0.00 
Fair Lawn,1,1,1,100.00%,1,0:00:00,0.00%,0,$0.00 
Middletown,1,1,1,100.00%,1,0:00:00,0.00%,0,$0.00 
New Milford,1,1,1,100.00%,1,0:00:00,0.00%,0,$0.00 
North Brunswick Township,1,1,1,100.00%,1,0:00:00,0.00%,0,$0.00 
Parsippany-Troy Hills,1,1,1,100.00%,1,0:00:00,0.00%,0,$0.00 
Rockaway,1,1,1,100.00%,1,0:00:00,0.00%,0,$0.00 
Scotch Plains,1,1,1,100.00%,1,0:00:00,0.00%,0,$0.00 
Union,1,1,1,100.00%,1,0:00:00,0.00%,0,$0.00 
Rio Rancho,1,1,1,100.00%,1,0:00:00,0.00%,0,$0.00 
Lindenhurst,1,1,1,100.00%,1,0:00:00,0.00%,0,$0.00 
Middletown,1,1,2,100.00%,1,0:00:00,0.00%,0,$0.00 
Plattsburgh,1,1,1,100.00%,1,0:00:00,0.00%,0,$0.00 
Rochester,1,1,1,100.00%,1,0:00:00,0.00%,0,$0.00 
Ronkonkoma,1,1,1,100.00%,1,0:00:00,0.00%,0,$0.00 
Schenectady,1,1,1,0.00%,2,0:00:17,0.00%,0,$0.00 
Smithtown,1,1,1,100.00%,1,0:00:00,0.00%,0,$0.00 
Syracuse,1,1,1,100.00%,1,0:00:00,0.00%,0,$0.00 
Wantagh,1,1,1,100.00%,1,0:00:00,0.00%,0,$0.00 
Cleveland,1,1,1,100.00%,1,0:00:00,0.00%,0,$0.00 
Hilliard,1,1,1,100.00%,1,0:00:00,0.00%,0,$0.00 
Loveland,1,1,1,100.00%,1,0:00:00,0.00%,0,$0.00 
Massillon,1,1,1,100.00%,1,0:00:00,0.00%,0,$0.00 
Oklahoma City,1,1,1,100.00%,1,0:00:00,0.00%,0,$0.00 
Beaverton,1,0,1,100.00%,1,0:00:00,0.00%,0,$0.00 
Boardman,1,1,1,100.00%,1,0:00:00,0.00%,0,$0.00 
Hillsboro,1,1,1,100.00%,1,0:00:00,0.00%,0,$0.00 
McMinnville,1,1,1,0.00%,2,0:00:15,0.00%,0,$0.00 
Tualatin,1,1,1,100.00%,1,0:00:00,0.00%,0,$0.00 
Bensalem,1,1,1,100.00%,1,0:00:00,0.00%,0,$0.00 
Bethel Park,1,1,1,100.00%,1,0:00:00,0.00%,0,$0.00 
Camp Hill,1,1,1,100.00%,1,0:00:00,0.00%,0,$0.00 
Nanticoke,1,0,3,100.00%,1,0:00:00,0.00%,0,$0.00 
Pittsburgh,1,1,1,100.00%,1,0:00:00,0.00%,0,$0.00 
York,1,1,1,0.00%,2,0:00:34,0.00%,0,$0.00 
Johnston,1,1,1,100.00%,1,0:00:00,0.00%,0,$0.00 
Clemson,1,1,1,100.00%,1,0:00:00,0.00%,0,$0.00 
Brookings,1,1,3,66.67%,1.33,0:00:37,0.00%,0,$0.00 
Rapid City,1,1,1,100.00%,1,0:00:00,0.00%,0,$0.00 
Columbia,1,1,1,100.00%,1,0:00:00,0.00%,0,$0.00 
Knoxville,1,0,1,0.00%,2,0:17:53,0.00%,0,$0.00 
Memphis,1,1,1,100.00%,1,0:00:00,0.00%,0,$0.00 
Mt. Juliet,1,1,2,100.00%,1,0:00:00,0.00%,0,$0.00 
Ooltewah,1,1,1,100.00%,1,0:00:00,0.00%,0,$0.00 
El Paso,1,1,5,80.00%,1.4,0:08:35,0.00%,0,$0.00 
Fort Worth,1,1,1,100.00%,1,0:00:00,0.00%,0,$0.00 
Haltom City,1,1,1,100.00%,1,0:00:00,0.00%,0,$0.00 
Irving,1,1,1,100.00%,1,0:00:00,0.00%,0,$0.00 
Killeen,1,1,1,100.00%,1,0:00:00,0.00%,0,$0.00 
Mansfield,1,1,1,100.00%,1,0:00:00,0.00%,0,$0.00 
Odessa,1,1,1,100.00%,1,0:00:00,0.00%,0,$0.00 
Rosenberg,1,1,1,100.00%,1,0:00:00,0.00%,0,$0.00 
Stephenville,1,1,1,100.00%,1,0:00:00,0.00%,0,$0.00 
Wichita Falls,1,0,1,100.00%,1,0:00:00,0.00%,0,$0.00 
Ogden,1,1,2,50.00%,1.5,0:00:16,0.00%,0,$0.00 
Salt Lake City,1,1,1,100.00%,1,0:00:00,0.00%,0,$0.00 
Arlington,1,1,1,100.00%,1,0:00:00,0.00%,0,$0.00 
Lebanon,1,1,1,100.00%,1,0:00:00,0.00%,0,$0.00 
Manassas,1,1,1,100.00%,1,0:00:00,0.00%,0,$0.00 
Norfolk,1,1,1,100.00%,1,0:00:00,0.00%,0,$0.00 
Purcellville,1,1,1,100.00%,1,0:00:00,0.00%,0,$0.00 
Washington,1,1,1,100.00%,1,0:00:00,0.00%,0,$0.00 
Bellevue,1,1,1,100.00%,1,0:00:00,0.00%,0,$0.00 
Bellingham,1,1,1,100.00%,1,0:00:00,0.00%,0,$0.00 
Coupeville,1,1,1,100.00%,1,0:00:00,0.00%,0,$0.00 
Everett,1,1,1,100.00%,1,0:00:00,0.00%,0,$0.00 
Lacey,1,1,1,100.00%,1,0:00:00,0.00%,0,$0.00 
La Crosse,1,1,1,100.00%,1,0:00:00,0.00%,0,$0.00 
Marshfield,1,1,1,100.00%,1,0:00:00,0.00%,0,$0.00 
Racine,1,1,1,100.00%,1,0:00:00,0.00%,0,$0.00 
Stoughton,1,1,1,100.00%,1,0:00:00,0.00%,0,$0.00 
Sana'a,1,1,1,100.00%,1,0:00:00,0.00%,0,$0.00 
Podgorica,1,1,1,100.00%,1,0:00:00,0.00%,0,$0.00 
Belgrade,1,1,1,100.00%,1,0:00:00,0.00%,0,$0.00 
East London,1,1,1,100.00%,1,0:00:00,0.00%,0,$0.00 
Port Elizabeth,1,1,1,100.00%,1,0:00:00,0.00%,0,$0.00 
Alberton,1,1,1,100.00%,1,0:00:00,0.00%,0,$0.00 
Boksburg,1,1,1,100.00%,1,0:00:00,0.00%,0,$0.00 
Centurion,1,1,1,100.00%,1,0:00:00,0.00%,0,$0.00 
Johannesburg,1,1,1,100.00%,1,0:00:00,0.00%,0,$0.00 
Emalahleni,1,1,1,100.00%,1,0:00:00,0.00%,0,$0.00 
Upington,1,1,1,100.00%,1,0:00:00,0.00%,0,$0.00 
Durban,1,1,1,100.00%,1,0:00:00,0.00%,0,$0.00 
Harare,1,1,1,100.00%,1,0:00:00,0.00%,0,$0.00 
Da Nang,1,1,1,100.00%,1,0:00:00,0.00%,0,$0.00 
Saitama,1,1,1,100.00%,1,0:00:00,0.00%,0,$0.00 
Itabashi City,1,1,1,100.00%,1,0:00:00,0.00%,0,$0.00 
Medina,1,1,1,100.00%,1,0:00:00,0.00%,0,$0.00 
Mecca,1,1,1,100.00%,1,0:00:00,0.00%,0,$0.00 
Krugersdorp,1,1,1,0.00%,3,0:01:17,0.00%,0,$0.00 
Asaba,1,1,1,100.00%,1,0:00:00,0.00%,0,$0.00 
Bilhorod-Dnistrovs'kyi,1,1,1,100.00%,1,0:00:00,0.00%,0,$0.00 
Myrnohrad,1,1,1,100.00%,1,0:00:00,0.00%,0,$0.00 
Haman-gun,1,1,1,100.00%,1,0:00:00,0.00%,0,$0.00 
Tlaxcalancingo,1,1,1,100.00%,1,0:00:00,0.00%,0,$0.00 
Isaszeg,1,1,1,100.00%,1,0:00:00,0.00%,0,$0.00 
Tezpur,1,1,1,100.00%,1,0:00:00,0.00%,0,$0.00 
Kangra,1,0,1,100.00%,1,0:00:00,0.00%,0,$0.00 
Ajmer,1,1,1,100.00%,1,0:00:00,0.00%,0,$0.00 
Bokaro Steel City,1,1,1,100.00%,1,0:00:00,0.00%,0,$0.00 
Cuttack,1,1,1,100.00%,1,0:00:00,0.00%,0,$0.00 
Sambalpur,1,0,1,100.00%,1,0:00:00,0.00%,0,$0.00 
Bhilai,1,1,1,100.00%,1,0:00:00,0.00%,0,$0.00 
Rajahmundry,1,1,1,100.00%,1,0:00:00,0.00%,0,$0.00 
Guntur,1,1,1,100.00%,1,0:00:00,0.00%,0,$0.00 
Tirunelveli,1,1,1,100.00%,1,0:00:00,0.00%,0,$0.00 
Kollam,1,1,1,0.00%,3,0:10:31,0.00%,0,$0.00 
Hosur,1,1,1,100.00%,1,0:00:00,0.00%,0,$0.00 
Ballari,1,1,1,100.00%,1,0:00:00,0.00%,0,$0.00 
Vijayapura,1,1,1,100.00%,1,0:00:00,0.00%,0,$0.00 
Dhule,1,1,1,0.00%,2,0:01:03,0.00%,0,$0.00 
Petrosani,1,1,1,0.00%,3,0:00:10,0.00%,0,$0.00 
Necochea,1,1,1,100.00%,1,0:00:00,0.00%,0,$0.00 
Austevoll Municipality,1,1,1,100.00%,1,0:00:00,0.00%,0,$0.00 
Baerum,1,1,1,100.00%,1,0:00:00,0.00%,0,$0.00 
Sarpsborg Municipality,1,1,1,0.00%,2,0:00:42,0.00%,0,$0.00 
Trondheim Municipality,1,1,3,66.67%,1.33,0:02:02,0.00%,0,$0.00 
Mudgee,1,1,1,100.00%,1,0:00:00,0.00%,0,$0.00 
Brant,1,1,1,100.00%,1,0:00:00,0.00%,0,$0.00 
Colwood,1,1,1,100.00%,1,0:00:00,0.00%,0,$0.00 
Lower Sackville,1,1,1,100.00%,1,0:00:00,0.00%,0,$0.00 
Niagara-on-the-Lake,1,1,1,100.00%,1,0:00:00,0.00%,0,$0.00 
Bad Honnef,1,1,1,100.00%,1,0:00:00,0.00%,0,$0.00 
Konigs Wusterhausen,1,1,1,100.00%,1,0:00:00,0.00%,0,$0.00 
Nordlingen,1,1,1,100.00%,1,0:00:00,0.00%,0,$0.00 
Pfarrkirchen,1,1,2,100.00%,1,0:00:00,0.00%,0,$0.00 
Villarrobledo,1,1,1,100.00%,1,0:00:00,0.00%,0,$0.00 
Courpiere,1,1,1,100.00%,1,0:00:00,0.00%,0,$0.00 
Chengannur,1,1,1,100.00%,1,0:00:00,0.00%,0,$0.00 
Dharamshala,1,1,1,100.00%,1,0:00:00,0.00%,0,$0.00 
Firozpur,1,1,1,100.00%,1,0:00:00,0.00%,0,$0.00 
Gulbarga,1,1,1,100.00%,1,0:00:00,0.00%,0,$0.00 
Hosapete,1,1,1,100.00%,1,0:00:00,0.00%,0,$0.00 
Khammam,1,1,1,100.00%,1,0:00:00,0.00%,0,$0.00 
Nizamabad,1,1,1,0.00%,5,0:01:03,0.00%,0,$0.00 
Purnia,1,1,1,100.00%,1,0:00:00,0.00%,0,$0.00 
Samastipur,1,0,1,100.00%,1,0:00:00,0.00%,0,$0.00 
Udupi,1,1,1,100.00%,1,0:00:00,0.00%,0,$0.00 
Noordwijk,1,1,1,100.00%,1,0:00:00,0.00%,0,$0.00 
Nootdorp,1,1,1,100.00%,1,0:00:00,0.00%,0,$0.00 
Adelphi,1,1,1,0.00%,2,0:02:02,0.00%,0,$0.00 
Andover,1,1,1,100.00%,1,0:00:00,0.00%,0,$0.00 
Beavercreek,1,1,1,100.00%,1,0:00:00,0.00%,0,$0.00 
Beckett Ridge,1,1,1,100.00%,1,0:00:00,0.00%,0,$0.00 
Blaine,1,1,1,0.00%,6,0:01:11,0.00%,0,$0.00 
Coral Gables,1,1,1,100.00%,1,0:00:00,0.00%,0,$0.00 
Doraville,1,1,1,100.00%,1,0:00:00,0.00%,0,$0.00 
Farmington Hills,1,1,1,100.00%,1,0:00:00,0.00%,0,$0.00 
Fulshear,1,1,2,100.00%,1,0:00:00,0.00%,0,$0.00 
Happy Valley,1,1,2,100.00%,1,0:00:00,0.00%,0,$0.00 
Johns Creek,1,1,1,100.00%,1,0:00:00,0.00%,0,$0.00 
Lakewood,1,1,1,100.00%,1,0:00:00,0.00%,0,$0.00 
Milton,1,1,1,100.00%,1,0:00:00,0.00%,0,$0.00 
Monroe Township,1,1,1,100.00%,1,0:00:00,0.00%,0,$0.00 
Murray,1,1,1,100.00%,1,0:00:00,0.00%,0,$0.00 
Plantation,1,1,1,100.00%,1,0:00:00,0.00%,0,$0.00 
Spokane Valley,1,1,1,100.00%,1,0:00:00,0.00%,0,$0.00 
Tamarac,1,1,1,100.00%,1,0:00:00,0.00%,0,$0.00 
Temple Terrace,1,1,1,100.00%,1,0:00:00,0.00%,0,$0.00 
Tigard,1,1,1,100.00%,1,0:00:00,0.00%,0,$0.00 
West Windsor Township,1,1,1,100.00%,1,0:00:00,0.00%,0,$0.00 
Woolwich Township,1,1,1,100.00%,1,0:00:00,0.00%,0,$0.00 
Can Tho,1,1,1,100.00%,1,0:00:00,0.00%,0,$0.00 
Nomi,1,1,1,100.00%,1,0:00:00,0.00%,0,$0.00 
Surakarta,1,1,1,0.00%,3,0:01:50,0.00%,0,$0.00 
Bartin,1,1,1,100.00%,1,0:00:00,0.00%,0,$0.00 
Caloocan,1,1,1,100.00%,1,0:00:00,0.00%,0,$0.00 
Dasmarinas,1,1,1,100.00%,1,0:00:00,0.00%,0,$0.00 
Santa Rosa,1,1,1,0.00%,2,0:05:47,0.00%,0,$0.00 
Larkana,1,1,1,100.00%,1,0:00:00,0.00%,0,$0.00 
Tallinn,1,1,1,100.00%,1,0:00:00,0.00%,0,$0.00 
Carolina,1,1,1,100.00%,1,0:00:00,0.00%,0,$0.00 
San Juan,1,1,1,100.00%,1,0:00:00,0.00%,0,$0.00 
Martin,1,0,1,100.00%,1,0:00:00,0.00%,0,$0.00 
Presov,1,1,1,100.00%,1,0:00:00,0.00%,0,$0.00 
Bratislava,1,1,1,100.00%,1,0:00:00,0.00%,0,$0.00 
Grodno,1,1,1,100.00%,1,0:00:00,0.00%,0,$0.00 
Ust'-Kamenogorsk,1,1,1,100.00%,1,0:00:00,0.00%,0,$0.00 
Monrovia,1,1,1,100.00%,1,0:00:00,0.00%,0,$0.00 
Komarno,1,1,1,100.00%,1,0:00:00,0.00%,0,$0.00 
Anuradhapura,1,1,1,100.00%,1,0:00:00,0.00%,0,$0.00 
Hatfield,1,1,1,100.00%,1,0:00:00,0.00%,0,$0.00 
Sidoarjo,1,1,1,0.00%,2,0:00:04,0.00%,0,$0.00 
Goma,1,1,1,100.00%,1,0:00:00,0.00%,0,$0.00 
El Obour City,1,1,1,100.00%,1,0:00:00,0.00%,0,$0.00 
Athi River,1,1,1,100.00%,1,0:00:00,0.00%,0,$0.00 
Lilongwe,1,1,1,100.00%,1,0:00:00,0.00%,0,$0.00 
Onitsha,1,1,1,100.00%,1,0:00:00,0.00%,0,$0.00 
San Mateo Otzacatipan,1,1,1,100.00%,1,0:00:00,0.00%,0,$0.00 
San Pablo de las Salinas,1,1,1,100.00%,1,0:00:00,0.00%,0,$0.00 
Ciudad Apodaca,1,1,1,100.00%,1,0:00:00,0.00%,0,$0.00 
Faridpur,1,1,1,0.00%,2,0:06:55,0.00%,0,$0.00 
Mawna Union,1,1,1,100.00%,1,0:00:00,0.00%,0,$0.00 
Dinajpur,1,1,1,100.00%,1,0:00:00,0.00%,0,$0.00 
Tongi,1,1,1,100.00%,1,0:00:00,0.00%,0,$0.00 
Bandar,1,1,1,100.00%,1,0:00:00,0.00%,0,$0.00 
Savar Union,1,1,1,100.00%,1,0:00:00,0.00%,0,$0.00 
Brahmanbaria,1,1,1,100.00%,1,0:00:00,0.00%,0,$0.00 
Feni,1,1,1,100.00%,1,0:00:00,0.00%,0,$0.00 
Godenail,1,1,1,100.00%,1,0:00:00,0.00%,0,$0.00 
Pattoki,1,1,1,100.00%,1,0:00:00,0.00%,0,$0.00 
Jhelum,1,1,1,100.00%,1,0:00:00,0.00%,0,$0.00 
Hafizabad,1,1,1,100.00%,1,0:00:00,0.00%,0,$0.00 
Burewala,1,1,1,100.00%,1,0:00:00,0.00%,0,$0.00 
Chadasna,1,1,1,0.00%,3,0:10:48,0.00%,0,$0.00 
Pithampur,1,1,1,100.00%,1,0:00:00,0.00%,0,$0.00 
Nandurbar,1,1,1,0.00%,19,0:02:13,0.00%,0,$0.00 
Motihari,1,1,1,100.00%,1,0:00:00,0.00%,0,$0.00 
Saswad,1,1,1,100.00%,1,0:00:00,0.00%,0,$0.00 
Betul,1,1,1,100.00%,1,0:00:00,0.00%,0,$0.00 
Nangal,1,1,1,0.00%,2,0:00:40,0.00%,0,$0.00 
Jhajjar,1,1,1,100.00%,1,0:00:00,0.00%,0,$0.00 
Tarn Taran Sahib,1,1,1,100.00%,1,0:00:00,0.00%,0,$0.00 
Pen,1,1,1,100.00%,1,0:00:00,0.00%,0,$0.00 
Malappuram,1,1,1,100.00%,1,0:00:00,0.00%,0,$0.00 
Firozabad,1,1,1,0.00%,2,0:00:46,0.00%,0,$0.00 
Surendranagar,1,1,1,100.00%,1,0:00:00,0.00%,0,$0.00 
Akola,1,1,1,100.00%,1,0:00:00,0.00%,0,$0.00 
Triesenberg,1,1,1,0.00%,2,0:00:31,0.00%,0,$0.00 
(not set),1,1,1,100.00%,1,0:00:00,0.00%,0,$0.00 
(not set),1,1,1,100.00%,1,0:00:00,0.00%,0,$0.00 
(not set),1,1,1,100.00%,1,0:00:00,0.00%,0,$0.00 
(not set),1,1,1,100.00%,1,0:00:00,0.00%,0,$0.00 
(not set),1,1,2,100.00%,1,0:00:00,0.00%,0,$0.00 
(not set),1,1,1,100.00%,1,0:00:00,0.00%,0,$0.00 
(not set),1,1,1,100.00%,1,0:00:00,0.00%,0,$0.00 
(not set),1,1,1,0.00%,2,0:05:03,0.00%,0,$0.00 
(not set),1,1,1,100.00%,1,0:00:00,0.00%,0,$0.00 
(not set),1,1,2,100.00%,1,0:00:00,0.00%,0,$0.00 
(not set),1,1,1,100.00%,1,0:00:00,0.00%,0,$0.00 
(not set),1,1,1,0.00%,2,0:14:22,0.00%,0,$0.00 
(not set),1,1,1,100.00%,1,0:00:00,0.00%,0,$0.00 
(not set),1,1,1,100.00%,1,0:00:00,0.00%,0,$0.00 
(not set),1,1,1,0.00%,2,0:01:56,0.00%,0,$0.00 
(not set),1,1,1,100.00%,1,0:00:00,0.00%,0,$0.00 
(not set),1,1,1,100.00%,1,0:00:00,0.00%,0,$0.00 
(not set),1,1,1,100.00%,1,0:00:00,0.00%,0,$0.00 
(not set),1,1,1,100.00%,1,0:00:00,0.00%,0,$0.00 
(not set),1,1,1,100.00%,1,0:00:00,0.00%,0,$0.00 
(not set),1,0,1,100.00%,1,0:00:00,0.00%,0,$0.00 
(not set),1,1,1,0.00%,2,0:00:28,0.00%,0,$0.00 
(not set),1,1,1,100.00%,1,0:00:00,0.00%,0,$0.00 
(not set),1,1,1,100.00%,1,0:00:00,0.00%,0,$0.00 
(not set),1,1,1,100.00%,1,0:00:00,0.00%,0,$0.00 
(not set),1,1,1,100.00%,1,0:00:00,0.00%,0,$0.00 
(not set),1,1,1,0.00%,2,0:00:02,0.00%,0,$0.00 
(not set),1,1,1,100.00%,1,0:00:00,0.00%,0,$0.00 
(not set),1,1,1,100.00%,1,0:00:00,0.00%,0,$0.00 
(not set),1,1,1,0.00%,3,0:00:26,0.00%,0,$0.00 
(not set),1,1,1,0.00%,2,0:00:15,0.00%,0,$0.00 
(not set),1,1,2,100.00%,1,0:00:00,0.00%,0,$0.00 
(not set),1,1,1,100.00%,1,0:00:00,0.00%,0,$0.00 
(not set),1,1,1,100.00%,1,0:00:00,0.00%,0,$0.00 
(not set),1,1,1,0.00%,2,0:16:58,0.00%,0,$0.00 
(not set),1,1,1,0.00%,2,0:11:26,0.00%,0,$0.00 
(not set),1,1,1,100.00%,1,0:00:00,0.00%,0,$0.00 
(not set),1,1,1,100.00%,1,0:00:00,0.00%,0,$0.00 
(not set),1,1,1,0.00%,5,0:04:03,0.00%,0,$0.00 
(not set),1,1,1,100.00%,1,0:00:00,0.00%,0,$0.00 
(not set),1,1,1,0.00%,2,0:00:20,0.00%,0,$0.00 
(not set),1,1,1,0.00%,2,0:15:10,0.00%,0,$0.00 
(not set),1,1,1,100.00%,1,0:00:00,0.00%,0,$0.00 
(not set),1,1,1,100.00%,1,0:00:00,0.00%,0,$0.00 
(not set),1,1,1,100.00%,1,0:00:00,0.00%,0,$0.00 
(not set),1,1,1,100.00%,1,0:00:00,0.00%,0,$0.00 
(not set),1,1,1,100.00%,1,0:00:00,0.00%,0,$0.00 
(not set),1,1,1,100.00%,1,0:00:00,0.00%,0,$0.00 
(not set),1,1,1,0.00%,2,0:01:20,0.00%,0,$0.00 
(not set),1,1,1,100.00%,1,0:00:00,0.00%,0,$0.00 
(not set),1,1,1,100.00%,1,0:00:00,0.00%,0,$0.00 
(not set),1,1,1,100.00%,1,0:00:00,0.00%,0,$0.00 
(not set),1,1,1,0.00%,2,0:11:34,0.00%,0,$0.00 
(not set),1,1,2,100.00%,1,0:00:00,0.00%,0,$0.00 
(not set),1,1,1,100.00%,1,0:00:00,0.00%,0,$0.00 
(not set),1,1,1,100.00%,1,0:00:00,0.00%,0,$0.00 
(not set),1,1,2,100.00%,1,0:00:00,0.00%,0,$0.00 
(not set),1,1,1,0.00%,2,0:01:17,0.00%,0,$0.00 
(not set),1,1,1,100.00%,1,0:00:00,0.00%,0,$0.00 
(not set),1,1,1,0.00%,2,0:00:36,0.00%,0,$0.00 
(not set),1,1,1,100.00%,1,0:00:00,0.00%,0,$0.00 
(not set),1,1,1,100.00%,1,0:00:00,0.00%,0,$0.00 
(not set),1,1,2,100.00%,1,0:00:00,0.00%,0,$0.00 
(not set),1,1,6,83.33%,1.33,0:02:50,0.00%,0,$0.00 
(not set),1,1,1,0.00%,2,0:00:07,0.00%,0,$0.00 
(not set),1,1,1,100.00%,1,0:00:00,0.00%,0,$0.00 
(not set),1,1,1,100.00%,1,0:00:00,0.00%,0,$0.00 
(not set),1,1,2,100.00%,1,0:00:00,0.00%,0,$0.00 
(not set),1,1,1,100.00%,1,0:00:00,0.00%,0,$0.00 
(not set),1,1,1,100.00%,1,0:00:00,0.00%,0,$0.00 
(not set),1,1,1,100.00%,1,0:00:00,0.00%,0,$0.00 
(not set),1,1,1,100.00%,1,0:00:00,0.00%,0,$0.00 
(not set),1,1,1,100.00%,1,0:00:00,0.00%,0,$0.00 
Manali,1,1,1,100.00%,1,0:00:00,0.00%,0,$0.00 
Anandpur Sahib,1,1,1,100.00%,1,0:00:00,0.00%,0,$0.00 
Rupnagar,1,1,1,100.00%,1,0:00:00,0.00%,0,$0.00 
Mussoorie,1,1,1,0.00%,3,0:02:10,0.00%,0,$0.00 
Palwal,1,1,1,100.00%,1,0:00:00,0.00%,0,$0.00 
Narnaul,1,1,1,100.00%,1,0:00:00,0.00%,0,$0.00 
Halol,1,1,1,100.00%,1,0:00:00,0.00%,0,$0.00 
Mandsaur,1,1,1,100.00%,1,0:00:00,0.00%,0,$0.00 
Sikar,1,1,1,100.00%,1,0:00:00,0.00%,0,$0.00 
Dehri,1,0,1,100.00%,1,0:00:00,0.00%,0,$0.00 
Muradnagar,1,1,1,100.00%,1,0:00:00,0.00%,0,$0.00 
Faizabad,1,1,1,100.00%,1,0:00:00,0.00%,0,$0.00 
Uttarpara,1,1,1,100.00%,1,0:00:00,0.00%,0,$0.00 
Habra,1,1,1,100.00%,1,0:00:00,0.00%,0,$0.00 
Kolaghat,1,1,1,100.00%,1,0:00:00,0.00%,0,$0.00 
Kothagudem,1,1,1,100.00%,1,0:00:00,0.00%,0,$0.00 
Bhiwani,1,1,1,100.00%,1,0:00:00,0.00%,0,$0.00 
Namburu,1,1,1,100.00%,1,0:00:00,0.00%,0,$0.00 
Tanuku,1,1,1,0.00%,2,0:00:00,0.00%,0,$0.00 
Mainpuri,1,1,1,100.00%,1,0:00:00,0.00%,0,$0.00 
Hassan,1,1,2,100.00%,1,0:00:00,0.00%,0,$0.00 
Kondotty,1,0,1,100.00%,1,0:00:00,0.00%,0,$0.00 
Banda,1,1,1,100.00%,1,0:00:00,0.00%,0,$0.00 
Orai,1,1,1,100.00%,1,0:00:00,0.00%,0,$0.00 
Begusarai,1,1,1,100.00%,1,0:00:00,0.00%,0,$0.00 
Chandannagar,1,1,1,0.00%,2,0:08:02,0.00%,0,$0.00 
Chinsurah,1,1,1,100.00%,1,0:00:00,0.00%,0,$0.00 
Krishnanagar,1,1,1,100.00%,1,0:00:00,0.00%,0,$0.00 
Raghunathganj,1,1,1,100.00%,1,0:00:00,0.00%,0,$0.00 
Jhargram,1,1,3,100.00%,1,0:00:00,0.00%,0,$0.00 
Jagadhri,1,1,1,100.00%,1,0:00:00,0.00%,0,$0.00 
Pinjore,1,1,1,0.00%,3,0:00:50,0.00%,0,$0.00 
Kalka,1,1,1,100.00%,1,0:00:00,0.00%,0,$0.00 
Karad,1,0,1,100.00%,1,0:00:00,0.00%,0,$0.00 
Kaithal,1,1,1,100.00%,1,0:00:00,0.00%,0,$0.00 
Loni Kalbhor,1,1,1,100.00%,1,0:00:00,0.00%,0,$0.00 
Abohar,1,1,1,100.00%,1,0:00:00,0.00%,0,$0.00 
Sri Ganganagar,1,1,1,100.00%,1,0:00:00,0.00%,0,$0.00 
Modasa,1,1,1,100.00%,1,0:00:00,0.00%,0,$0.00 
Ahmednagar,1,1,1,0.00%,3,0:26:17,0.00%,0,$0.00 
Bardoli,1,1,1,0.00%,2,0:00:48,0.00%,0,$0.00 
Nathdwara,1,1,1,100.00%,1,0:00:00,0.00%,0,$0.00 
Mughalsarai,1,1,1,100.00%,1,0:00:00,0.00%,0,$0.00 
Sultanpur,1,1,1,100.00%,1,0:00:00,0.00%,0,$0.00 
Cooch Behar,1,1,1,0.00%,2,0:11:47,0.00%,0,$0.00 
Suri,1,1,1,100.00%,1,0:00:00,0.00%,0,$0.00 
Debra,1,1,1,100.00%,1,0:00:00,0.00%,0,$0.00 
Haveri,1,1,1,100.00%,1,0:00:00,0.00%,0,$0.00 
Sangli Miraj Kupwad,1,1,1,100.00%,1,0:00:00,0.00%,0,$0.00 
Khandwa,1,1,1,100.00%,1,0:00:00,0.00%,0,$0.00 
Yeola,1,1,1,0.00%,3,0:03:20,0.00%,0,$0.00 
Manchar,1,1,1,100.00%,1,0:00:00,0.00%,0,$0.00 
Killa-pardi,1,1,1,100.00%,1,0:00:00,0.00%,0,$0.00 
Bhadravathi,1,0,1,100.00%,1,0:00:00,0.00%,0,$0.00 
Bagalkot,1,1,1,100.00%,1,0:00:00,0.00%,0,$0.00 
Karjat,1,1,1,100.00%,1,0:00:00,0.00%,0,$0.00 
,"17,947","17,513","21,142",85.70%,1.3,0:00:52,0.00%,0,$0.00 
